,Player,Team,Pos,G,MIN,PTS,REB,AST,STL,BLK,3PM,FG%,FT%,TO,3PA,3P%,FGM,FGA,FTM,FTA,2DBL,3DBL,PF,FPTS
1,Giannis Antetokounmpo,MIL,F,14,35.2,32.1,12.1,6.1,0.5,1.4,0.1,61.0,57.9,3.0,0.8,18.2,13.1,21.4,5.8,10.0,0.9,0.1,2.9,58.5
2,Anthony Davis,LAL,C,13,35.0,30.7,11.4,2.8,1.3,1.8,0.9,56.7,78.4,2.1,2.2,41.4,10.7,18.8,8.4,10.7,0.6,0.0,1.8,56.0
3,Jayson Tatum,BOS,F,15,36.5,29.9,8.1,5.9,1.4,0.5,4.3,46.4,81.3,2.9,11.0,39.4,9.3,20.1,6.9,8.5,0.5,0.0,2.7,51.5
4,Nikola Jokic,DEN,C,10,38.2,29.7,13.7,11.7,1.7,1.0,2.2,56.3,84.3,4.1,3.9,56.4,10.8,19.2,5.9,7.0,0.9,0.6,2.0,67.7
5,Paolo Banchero,ORL,F,5,36.4,29.0,8.8,5.6,0.6,0.8,2.2,49.5,64.4,2.2,6.4,34.4,9.6,19.4,7.6,11.8,0.4,0.0,2.6,50.0
6,De'Aaron Fox,SAC,G,15,37.4,28.8,5.0,5.7,1.7,0.1,2.2,50.6,83.8,3.7,6.2,35.5,10.5,20.8,5.5,6.6,0.3,0.0,2.9,45.2
7,Shai Gilgeous-Alexander,OKC,G,16,34.1,28.7,5.1,6.2,1.8,1.1,1.8,50.0,89.6,2.6,5.4,33.7,9.9,19.9,7.0,7.8,0.1,0.0,1.8,50.3
8,LaMelo Ball,CHA,G,14,33.2,28.4,4.8,6.6,1.2,0.2,4.5,42.6,88.7,4.4,12.4,36.2,9.7,22.8,4.5,5.1,0.1,0.0,4.1,44.0
T9,Luka Doncic,DAL,G,14,36.6,28.1,7.6,7.6,1.6,0.4,3.2,43.5,78.3,3.3,9.9,32.4,9.9,22.6,5.1,6.6,0.3,0.0,2.8,51.2
T9,Anthony Edwards,MIN,G,14,37.1,28.1,5.1,3.8,1.1,0.5,4.8,47.6,75.4,3.1,11.3,42.4,10.0,21.0,3.3,4.4,0.0,0.0,2.1,41.6
11,Kevin Durant,PHO,F,9,38.9,27.6,6.6,3.4,0.8,1.4,2.7,55.3,83.6,3.3,6.2,42.9,9.9,17.9,5.1,6.1,0.0,0.0,1.8,43.9
12,Karl-Anthony Towns,NYK,F,14,32.9,26.8,12.2,2.9,0.8,0.7,2.6,55.1,85.0,1.9,5.3,50.0,9.6,17.5,4.9,5.7,0.9,0.0,3.4,48.5
13,Jalen Brunson,NYK,G,15,34.3,25.2,2.9,7.3,0.6,0.0,2.5,47.6,83.0,2.3,6.3,40.4,8.7,18.3,5.2,6.3,0.3,0.0,2.2,39.1
14,Tyrese Maxey,PHI,G,8,37.3,25.1,3.0,3.6,1.4,0.5,2.8,39.3,83.0,1.9,10.4,26.5,8.8,22.3,4.9,5.9,0.0,0.0,2.6,37.9
T15,Jaylen Brown,BOS,F,11,36.7,24.8,6.7,4.4,1.1,0.4,2.0,42.9,77.4,2.5,6.8,29.3,8.5,19.7,5.9,7.6,0.2,0.0,3.0,41.3
T15,Damian Lillard,MIL,G,12,35.8,24.8,4.6,7.2,0.8,0.2,2.8,43.2,90.9,2.8,9.0,31.5,7.7,17.8,6.7,7.3,0.2,0.0,1.8,41.3
17,Cam Thomas,BKN,G,14,34.2,24.6,3.4,3.1,0.9,0.1,2.9,45.8,86.5,2.8,7.3,39.2,8.1,17.8,5.5,6.4,0.0,0.0,2.0,33.3
T18,Donovan Mitchell,CLE,G,16,31.0,24.3,4.4,3.9,1.4,0.3,3.6,46.5,83.1,1.9,8.9,40.1,8.7,18.7,3.4,4.1,0.1,0.0,2.2,38.6
T18,Kyrie Irving,DAL,G,14,34.5,24.3,4.4,5.2,1.3,0.2,3.0,54.5,85.7,1.9,5.6,53.8,9.1,16.8,3.0,3.5,0.0,0.0,2.0,40.0
20,Tyler Herro,MIA,G,13,33.8,24.2,4.9,5.2,0.6,0.2,4.4,48.9,88.0,2.6,9.7,45.2,8.2,16.8,3.4,3.8,0.1,0.0,2.0,37.6
21,Devin Booker,PHO,G,16,36.7,24.1,3.7,6.4,1.0,0.4,2.6,43.8,88.6,2.1,7.6,33.9,7.9,18.0,5.8,6.6,0.1,0.0,2.2,40.5
22,LeBron James,LAL,F,14,35.4,23.5,8.1,9.4,0.6,0.4,2.3,51.5,74.0,3.6,5.5,41.6,8.6,16.6,4.1,5.5,0.6,0.4,1.3,47.0
T23,Norman Powell,LAC,G,15,33.5,23.3,3.1,2.3,1.1,0.2,3.9,49.0,81.7,2.1,7.9,48.7,8.1,16.5,3.3,4.0,0.1,0.0,1.9,32.3
T23,Cade Cunningham,DET,G,16,36.4,23.3,7.3,8.8,0.9,0.9,2.3,44.6,81.2,4.6,6.1,37.1,8.8,19.6,3.5,4.3,0.5,0.3,2.6,46.0
T25,Brandon Ingram,NOP,F,15,33.4,23.2,5.9,5.3,0.9,0.5,2.5,46.6,86.0,3.9,6.7,37.0,9.1,19.6,2.5,2.9,0.0,0.0,2.6,38.7
T25,RJ Barrett,TOR,F,12,34.1,23.2,6.4,6.5,0.9,0.3,2.1,42.2,69.7,3.3,6.2,33.8,8.3,19.8,4.4,6.3,0.3,0.1,2.6,40.9
27,Stephen Curry,GSW,G,11,29.1,23.0,5.2,6.5,1.8,0.6,4.1,49.1,95.0,3.6,9.3,44.1,7.7,15.7,3.5,3.6,0.1,0.0,1.3,42.8
T28,Jaren Jackson,MEM,F,14,28.9,22.9,5.7,1.1,1.4,1.7,1.9,52.8,80.2,2.3,5.2,35.6,8.2,15.6,4.6,5.8,0.0,0.0,3.2,38.3
T28,DeMar DeRozan,SAC,F,12,36.6,22.9,4.1,4.1,1.7,0.7,0.8,52.6,85.9,1.9,2.1,40.0,8.5,16.2,5.1,5.9,0.0,0.0,1.3,39.0
T30,Zion Williamson,NOP,F,6,31.0,22.7,8.0,5.3,0.7,1.2,0.3,45.2,66.7,3.7,1.0,33.3,7.8,17.3,6.7,10.0,0.5,0.0,3.0,42.1
T30,Victor Wembanyama,SAS,C,13,31.5,22.7,10.5,2.8,1.3,3.7,2.9,47.2,87.2,3.5,8.6,33.9,8.3,17.6,3.2,3.6,0.4,0.0,2.0,51.0
32,Franz Wagner,ORL,F,16,31.4,22.3,5.6,5.1,1.6,0.3,2.0,47.0,85.5,2.0,5.8,34.4,8.3,17.7,3.7,4.3,0.1,0.0,2.2,40.0
33,Zach LaVine,CHI,F,13,34.2,22.0,5.2,4.2,0.8,0.5,3.2,51.2,79.6,3.0,7.3,43.2,7.9,15.5,3.0,3.8,0.1,0.0,1.7,35.5
34,Trae Young,ATL,G,15,35.9,21.9,3.9,11.6,1.2,0.1,2.9,38.0,89.0,4.7,8.6,34.1,6.5,17.2,5.9,6.7,0.7,0.0,1.9,43.4
35,Jalen Williams,OKC,F,16,32.6,21.8,6.6,5.3,2.2,1.0,2.0,51.7,81.8,2.1,5.1,39.0,8.8,16.9,2.3,2.8,0.1,0.0,3.0,45.0
36,Julius Randle,MIN,F,14,34.0,21.6,6.5,4.4,0.6,0.1,1.9,50.7,82.7,2.9,4.9,38.2,7.5,14.8,4.8,5.8,0.1,0.0,2.5,35.3
37,Jordan Poole,WAS,G,13,30.0,21.1,2.3,4.6,1.9,0.5,3.4,46.0,90.2,3.2,7.6,44.4,7.1,15.4,3.5,3.9,0.0,0.0,3.5,35.0
T38,Ja Morant,MEM,G,8,27.9,20.6,5.0,9.1,0.6,0.3,1.0,44.8,83.3,4.3,3.9,25.8,7.0,15.6,5.6,6.8,0.6,0.1,1.8,38.7
T38,Darius Garland,CLE,G,16,30.3,20.6,2.4,7.0,1.2,0.3,2.9,49.2,93.5,2.6,6.7,43.0,7.5,15.3,2.7,2.9,0.2,0.0,2.3,35.8
40,Pascal Siakam,IND,F,15,34.0,20.5,6.3,3.8,0.8,0.1,2.0,55.3,77.6,1.4,4.3,46.9,8.0,14.5,2.5,3.3,0.1,0.0,2.9,35.2
T41,James Harden,LAC,G,16,34.9,20.3,7.7,8.8,1.5,0.9,2.5,37.2,86.6,4.4,7.8,32.0,5.9,15.8,6.1,7.0,0.6,0.1,2.4,45.5
T41,Nikola Vucevic,CHI,C,16,32.3,20.3,9.6,3.2,0.8,0.9,2.1,58.1,84.8,1.6,4.4,46.5,8.3,14.2,1.8,2.1,0.6,0.0,2.4,39.9
43,Domantas Sabonis,SAC,C,13,36.6,20.2,12.5,6.6,0.6,0.5,0.9,64.1,84.7,3.4,2.3,40.0,7.7,12.0,3.8,4.5,0.9,0.2,3.6,45.0
44,Joel Embiid,PHI,C,4,31.3,19.8,7.5,3.5,0.5,1.0,0.8,37.9,100.0,3.3,4.5,16.7,5.5,14.5,8.0,8.0,0.3,0.0,2.8,35.3
45,Coby White,CHI,G,16,32.8,19.5,3.3,4.6,1.3,0.3,3.5,45.0,88.9,2.8,8.9,39.2,6.5,14.4,3.0,3.4,0.0,0.0,2.6,32.0
46,Jalen Green,HOU,G,16,32.4,19.4,4.9,2.9,0.9,0.3,2.6,39.3,85.2,2.6,8.2,32.1,6.8,17.2,3.3,3.8,0.1,0.0,2.0,30.6
47,Scottie Barnes,TOR,F,4,33.5,19.3,7.8,6.0,2.0,0.5,0.5,46.0,73.9,4.0,2.8,18.2,7.3,15.8,4.3,5.8,0.3,0.0,3.0,41.1
48,Jalen Johnson,ATL,F,15,36.5,19.1,10.3,5.3,1.5,1.1,1.5,46.8,72.9,3.4,4.6,33.3,7.3,15.7,2.9,3.9,0.5,0.1,2.3,43.5
49,Derrick White,BOS,G,15,34.8,18.9,4.6,4.3,0.8,1.1,3.8,46.9,86.1,1.5,9.2,41.3,6.5,13.9,2.1,2.4,0.0,0.0,2.4,35.3
T50,Bennedict Mathurin,IND,G,15,30.9,18.8,6.6,1.6,0.6,0.2,1.8,52.8,82.1,2.0,3.8,47.4,6.2,11.7,4.6,5.6,0.3,0.0,2.4,29.5
T50,CJ McCollum,NOP,G,4,34.3,18.8,3.5,4.0,2.3,1.0,3.3,44.6,66.7,2.0,8.5,38.2,7.3,16.3,1.0,1.5,0.0,0.0,1.5,36.7
52,Gradey Dick,TOR,F,15,33.2,18.7,2.8,2.4,0.9,0.3,2.4,42.1,90.8,1.7,6.9,34.6,6.2,14.7,3.9,4.3,0.0,0.0,2.2,27.6
53,Jaden Ivey,DET,G,15,32.3,18.5,4.5,4.3,0.8,0.5,1.8,44.2,73.5,3.0,5.0,36.0,6.7,15.1,3.3,4.5,0.0,0.0,2.8,31.3
T54,Alperen Sengun,HOU,C,16,29.4,18.4,11.1,4.8,1.0,1.3,0.5,48.1,75.7,2.0,1.6,30.8,7.2,14.9,3.5,4.6,0.8,0.1,2.8,43.8
T54,De'Andre Hunter,ATL,F,5,26.0,18.4,4.8,1.4,1.2,0.4,2.2,45.3,88.5,0.6,5.8,37.9,5.8,12.8,4.6,5.2,0.0,0.0,3.4,30.5
T54,Shaedon Sharpe,POR,G,7,28.4,18.4,3.1,2.0,0.9,0.1,2.0,46.1,70.0,2.4,6.3,31.8,6.7,14.6,3.0,4.3,0.0,0.0,2.1,25.8
T57,Jamal Murray,DEN,G,10,36.3,18.3,4.4,5.5,1.4,0.4,2.1,41.1,84.2,2.1,6.3,33.3,6.5,15.8,3.2,3.8,0.0,0.0,1.7,35.1
T57,Michael Porter,DEN,F,13,36.4,18.3,6.9,2.8,0.9,0.5,2.7,47.9,67.9,1.0,7.0,38.5,7.1,14.8,1.5,2.2,0.1,0.0,2.2,33.9
59,Cameron Johnson,BKN,F,15,33.5,18.1,4.3,2.9,0.7,0.5,3.1,47.9,91.8,0.7,7.8,39.3,6.0,12.5,3.0,3.3,0.0,0.0,2.1,30.3
60,Lauri Markkanen,UTA,F,11,31.3,18.0,6.5,2.3,0.7,0.0,2.6,44.8,84.5,1.5,5.9,44.6,5.5,12.2,4.5,5.3,0.1,0.0,1.5,29.9
61,Austin Reaves,LAL,G,14,34.7,17.9,3.7,5.4,1.1,0.3,2.9,45.0,79.6,2.1,7.8,36.7,6.1,13.6,2.8,3.5,0.0,0.0,2.6,32.7
T62,Dennis Schroder,BKN,G,15,34.3,17.8,3.0,6.5,1.3,0.1,2.7,44.9,84.0,2.1,6.6,41.4,6.1,13.7,2.8,3.3,0.1,0.0,2.5,33.2
T62,Bradley Beal,PHO,G,9,34.6,17.8,4.0,3.7,1.4,0.9,2.6,47.5,80.8,1.3,6.7,38.3,6.4,13.6,2.3,2.9,0.0,0.0,2.7,33.7
T62,Evan Mobley,CLE,F,16,30.3,17.8,8.8,2.5,0.9,1.6,0.7,56.3,83.9,2.3,1.8,37.9,6.9,12.3,3.3,3.9,0.4,0.0,2.1,37.1
65,Jimmy Butler,MIA,F,9,31.0,17.7,5.3,4.9,1.4,0.2,0.3,50.0,78.3,1.6,1.6,21.4,5.7,11.3,6.0,7.7,0.1,0.0,1.6,34.8
66,John Collins,UTA,F,14,27.1,17.6,7.9,2.6,1.4,0.7,1.0,52.8,97.7,2.6,2.7,36.8,6.8,12.9,3.0,3.1,0.3,0.0,3.1,34.6
T67,OG Anunoby,NYK,F,15,36.3,17.1,5.5,2.1,1.5,0.6,2.1,50.3,81.8,1.2,5.5,37.3,6.3,12.6,2.4,2.9,0.0,0.0,2.5,32.0
T67,Jakob Poeltl,TOR,C,15,32.9,17.1,11.9,2.7,1.2,1.3,0.0,60.8,64.6,2.7,0.0,0.0,7.5,12.4,2.1,3.2,0.5,0.0,3.6,40.2
T69,Kyle Kuzma,WAS,F,8,27.9,17.0,6.8,2.1,0.3,0.4,1.8,40.9,70.0,3.1,6.0,29.2,6.8,16.5,1.8,2.5,0.1,0.0,1.9,27.0
T69,Myles Turner,IND,C,13,32.5,17.0,7.0,1.5,0.8,2.0,2.2,47.6,70.0,2.6,5.2,41.8,6.1,12.8,2.7,3.8,0.2,0.0,3.2,33.5
T71,Jerami Grant,POR,F,15,33.4,16.7,3.5,2.1,1.0,1.1,2.3,38.1,81.3,1.5,6.7,34.7,5.5,14.3,3.5,4.3,0.0,0.0,2.1,28.9
T71,Brandon Miller,CHA,F,10,31.1,16.7,4.1,3.8,1.5,0.6,3.1,38.6,94.7,1.9,9.4,33.0,5.9,15.3,1.8,1.9,0.0,0.0,2.2,31.7
73,Desmond Bane,MEM,G,9,28.0,16.6,6.6,3.8,1.0,0.6,2.2,44.8,81.0,2.2,6.6,33.9,6.2,13.9,1.9,2.3,0.2,0.0,2.7,32.5
74,Buddy Hield,GSW,G,14,24.6,16.5,3.7,1.7,0.8,0.4,3.6,48.3,85.7,1.3,8.1,45.1,6.0,12.4,0.9,1.0,0.0,0.0,2.1,25.7
75,Chet Holmgren,OKC,C,10,26.5,16.4,8.7,2.0,0.8,2.6,1.4,50.5,77.6,2.3,3.7,37.8,5.6,11.1,3.8,4.9,0.4,0.0,1.8,37.7
T76,Jordan Hawkins,NOP,G,8,30.4,16.3,4.5,1.4,0.1,0.4,2.4,40.8,93.1,1.6,6.5,36.5,5.3,12.9,3.4,3.6,0.0,0.0,1.4,23.6
T76,Devin Vassell,SAS,F,4,22.5,16.3,1.3,3.5,0.5,0.5,2.5,44.9,100.0,1.8,6.8,37.0,5.5,12.3,2.8,2.8,0.0,0.0,2.3,24.3
T76,Anfernee Simons,POR,G,12,29.8,16.3,2.0,4.3,0.8,0.1,2.2,38.2,91.7,2.4,7.3,29.9,5.7,14.8,2.8,3.0,0.0,0.0,1.3,25.1
T76,Bam Adebayo,MIA,C,13,35.5,16.3,9.5,3.9,1.8,1.2,0.8,42.6,70.8,1.5,2.5,31.3,6.0,14.1,3.5,5.0,0.5,0.0,1.9,41.0
T76,Mikal Bridges,NYK,F,15,38.7,16.3,3.9,3.6,1.1,0.6,2.0,48.8,63.6,1.5,6.3,31.6,6.9,14.2,0.5,0.7,0.0,0.0,1.4,30.2
T81,Christian Braun,DEN,G,13,35.3,16.2,5.3,1.9,1.4,0.7,1.3,55.0,81.3,1.2,3.1,42.5,5.9,10.8,3.0,3.7,0.0,0.0,2.5,30.4
T81,Andrew Wiggins,GSW,F,12,27.1,16.2,4.4,2.3,0.8,0.9,1.8,47.3,72.3,0.8,4.7,39.3,5.8,12.2,2.8,3.9,0.1,0.0,1.8,29.0
83,Miles Bridges,CHA,F,11,30.0,16.0,6.5,3.0,0.6,0.5,2.2,42.5,84.8,1.4,6.3,34.8,5.6,13.3,2.5,3.0,0.0,0.0,1.4,30.3
84,Jordan Clarkson,UTA,G,12,26.2,15.9,3.8,3.7,0.9,0.1,1.8,40.0,80.4,1.8,6.7,27.5,5.5,13.8,3.1,3.8,0.0,0.0,1.4,27.2
T85,Fred VanVleet,HOU,G,15,34.7,15.8,4.4,6.1,1.9,0.4,2.4,40.3,77.5,1.1,7.4,32.4,5.7,14.1,2.1,2.7,0.1,0.0,2.3,35.9
T85,Collin Sexton,UTA,G,14,26.9,15.8,2.8,3.1,0.8,0.1,1.7,45.6,88.3,2.5,3.9,44.4,5.1,11.3,3.8,4.3,0.0,0.0,2.9,24.0
87,Jared McCain,PHI,G,14,22.7,15.6,2.1,2.7,0.5,0.0,2.3,47.5,100.0,1.1,5.6,41.0,5.5,11.6,2.3,2.3,0.1,0.0,1.4,22.6
88,Trey Murphy,NOP,F,4,27.8,15.5,5.0,1.5,0.8,0.5,2.0,37.0,100.0,2.5,7.3,27.6,5.0,13.5,3.5,3.5,0.0,0.0,2.3,25.0
T89,Malik Beasley,DET,G,16,28.5,15.4,3.0,1.6,0.7,0.1,3.6,41.5,66.7,1.3,9.1,39.3,5.5,13.3,0.9,1.3,0.1,0.0,1.5,22.5
T89,Ivica Zubac,LAC,C,16,33.9,15.4,12.4,2.4,0.8,1.1,0.0,57.5,57.9,2.3,0.0,0.0,6.7,11.6,2.1,3.6,0.5,0.0,2.5,37.2
T89,Jeremy Sochan,SAS,F,7,29.3,15.4,7.7,3.0,1.0,0.4,0.4,51.2,68.0,2.3,1.7,25.0,6.3,12.3,2.4,3.6,0.3,0.0,3.0,31.2
T89,Aaron Gordon,DEN,F,7,30.3,15.4,6.7,3.1,0.7,0.3,1.7,52.9,84.6,1.3,3.1,54.5,5.3,10.0,3.1,3.7,0.3,0.0,1.9,29.9
T93,Immanuel Quickley,TOR,G,3,22.3,15.3,2.0,4.0,0.7,0.0,2.0,38.1,88.9,1.3,5.3,37.5,5.3,14.0,2.7,3.0,0.0,0.0,2.3,24.4
T93,Payton Pritchard,BOS,G,15,28.1,15.3,2.5,2.8,1.1,0.1,3.7,46.9,88.5,1.1,8.7,42.3,5.1,10.8,1.5,1.7,0.0,0.0,1.9,25.0
T93,Tyrese Haliburton,IND,G,15,34.9,15.3,3.5,8.5,1.3,0.7,2.2,37.5,82.0,1.7,7.7,28.4,5.2,13.9,2.7,3.3,0.4,0.0,2.0,36.3
96,Naz Reid,MIN,C,14,24.7,15.2,5.2,1.6,0.5,0.4,2.3,52.8,90.6,1.1,5.3,43.2,5.4,10.3,2.1,2.3,0.1,0.0,2.4,25.7
97,Jalen Suggs,ORL,G,16,29.9,15.0,4.6,3.7,1.4,1.1,2.1,41.0,93.5,2.8,6.8,30.6,5.1,12.5,2.7,2.9,0.0,0.0,2.4,31.0
T98,Paul George,PHI,F,8,29.0,14.9,5.4,4.8,2.3,0.3,1.9,38.3,81.5,3.1,6.8,27.8,5.1,13.4,2.8,3.4,0.1,0.0,2.4,32.8
T98,Keyonte George,UTA,G,13,31.6,14.9,2.8,5.5,0.5,0.1,2.5,36.6,78.6,2.8,7.8,32.7,4.9,13.5,2.5,3.2,0.1,0.0,1.8,25.6
T100,Tre Mann,CHA,G,12,24.8,14.8,3.0,3.3,0.6,0.3,2.0,45.0,94.7,2.0,4.8,42.1,5.7,12.6,1.5,1.6,0.0,0.0,2.0,23.8
T100,Bilal Coulibaly,WAS,F,12,34.5,14.8,5.8,2.6,1.3,0.7,1.1,55.4,75.0,2.2,2.9,37.1,5.6,10.1,2.5,3.3,0.0,0.0,2.5,29.1
102,Dyson Daniels,ATL,G,14,33.7,14.6,4.9,3.1,3.1,1.0,1.2,46.5,60.9,2.1,4.2,28.8,6.2,13.4,1.0,1.6,0.0,0.0,2.8,35.5
103,Jarrett Allen,CLE,C,17,29.4,14.4,10.9,1.8,0.9,1.2,0.0,68.5,76.2,1.1,0.0,0.0,5.8,8.4,2.8,3.7,0.7,0.0,1.1,35.5
104,Josh Hart,NYK,F,15,37.2,14.1,9.0,5.9,1.1,0.2,1.3,59.6,85.7,1.9,3.6,35.2,5.4,9.1,2.0,2.3,0.4,0.1,2.2,35.6
T105,Dejounte Murray,NOP,G,1,30.0,14.0,8.0,10.0,1.0,0.0,0.0,26.7,85.7,1.0,3.0,0.0,4.0,15.0,6.0,7.0,1.0,0.0,0.0,40.6
T105,Klay Thompson,DAL,F,15,28.8,14.0,3.4,1.7,0.7,0.3,3.1,39.7,100.0,0.9,8.5,37.0,5.0,12.6,0.9,0.9,0.0,0.0,1.2,22.5
107,Jonathan Kuminga,GSW,F,14,22.8,13.7,4.3,1.9,1.1,0.4,1.1,45.5,61.7,1.5,3.4,31.9,5.0,11.0,2.6,4.3,0.0,0.0,1.7,24.6
108,Tobias Harris,DET,F,16,33.4,13.5,7.5,2.6,0.7,1.1,1.2,44.2,79.3,1.4,4.1,28.8,5.4,12.3,1.4,1.8,0.1,0.0,2.4,30.4
109,Deandre Ayton,POR,C,11,29.4,13.3,10.5,1.0,0.9,0.5,0.5,51.9,62.5,1.5,1.2,38.5,6.2,11.9,0.5,0.7,0.7,0.0,2.0,30.1
T110,Isaiah Hartenstein,OKC,C,1,29.0,13.0,14.0,3.0,0.0,4.0,0.0,50.0,50.0,3.0,0.0,0.0,6.0,12.0,1.0,2.0,1.0,0.0,1.0,43.3
T110,Ochai Agbaji,TOR,F,15,32.5,13.0,4.9,2.2,1.3,0.7,1.9,52.4,70.0,1.1,4.3,45.3,5.1,9.7,0.9,1.3,0.0,0.0,2.9,27.0
T110,Bobby Portis,MIL,F,14,24.0,13.0,7.6,1.3,0.4,0.5,0.9,46.4,76.2,1.4,3.1,27.9,5.5,11.9,1.1,1.5,0.1,0.0,1.6,25.3
T113,Santi Aldama,MEM,F,16,28.4,12.9,7.1,3.4,0.9,0.5,1.4,47.7,88.9,1.5,4.8,28.9,5.3,11.0,1.0,1.1,0.3,0.0,1.1,29.0
T113,Kelly Oubre,PHI,F,14,30.2,12.9,4.7,1.1,0.9,0.3,1.2,41.3,76.5,1.3,4.4,27.4,4.9,11.9,1.9,2.4,0.0,0.0,3.2,22.7
T113,Terry Rozier,MIA,G,12,31.8,12.9,4.2,3.7,0.8,0.4,2.0,38.0,88.5,1.8,6.0,33.3,4.5,11.8,1.9,2.2,0.0,0.0,1.7,25.3
116,Keegan Murray,SAC,F,15,36.7,12.8,8.0,1.7,0.5,0.6,1.7,43.0,85.7,1.0,5.8,29.9,4.9,11.5,1.2,1.4,0.4,0.0,3.3,27.3
117,Rui Hachimura,LAL,F,10,33.9,12.7,6.1,1.6,0.7,0.5,1.8,42.1,82.6,0.7,3.6,50.0,4.5,10.7,1.9,2.3,0.1,0.0,2.0,25.3
T118,Malik Monk,SAC,G,10,24.9,12.6,3.0,2.8,0.9,0.4,1.2,44.2,84.6,0.8,4.3,27.9,4.6,10.4,2.2,2.6,0.0,0.0,1.8,23.5
T118,Jrue Holiday,BOS,G,14,30.7,12.6,4.0,4.0,0.5,0.2,1.9,48.9,87.0,1.6,5.0,38.6,4.6,9.5,1.4,1.6,0.0,0.0,1.3,24.0
T118,Jonas Valanciunas,WAS,C,13,20.0,12.6,7.8,2.3,0.4,0.8,0.2,56.5,94.1,1.7,0.4,40.0,5.0,8.8,2.5,2.6,0.2,0.0,1.5,27.2
T121,Keldon Johnson,SAS,F,15,26.6,12.5,5.5,1.7,0.9,0.3,1.3,44.3,78.4,0.7,4.2,30.2,4.7,10.5,1.9,2.5,0.1,0.0,1.9,24.5
T121,Daniel Gafford,DAL,C,15,20.5,12.5,6.5,1.0,0.4,1.2,0.0,70.8,66.7,0.9,0.0,0.0,5.3,7.5,1.9,2.8,0.1,0.0,3.0,25.7
T123,Brook Lopez,MIL,C,15,32.5,12.3,5.3,1.6,1.5,2.3,1.9,46.3,70.4,1.2,5.5,33.7,4.6,9.9,1.3,1.8,0.1,0.0,2.4,31.3
T123,Moritz Wagner,ORL,C,16,18.2,12.3,4.3,0.8,0.7,0.2,0.9,53.5,80.7,1.9,2.7,32.6,4.3,7.9,2.9,3.6,0.0,0.0,1.9,19.4
125,Brandon Boston,NOP,F,13,29.5,12.2,4.2,4.0,1.4,0.2,1.3,41.5,85.7,1.7,4.0,32.7,4.5,10.9,1.8,2.2,0.0,0.0,1.7,26.5
126,Zaccharie Risacher,ATL,F,16,26.0,12.0,4.1,1.4,0.9,0.8,1.3,38.6,69.2,1.3,4.9,25.3,4.3,11.0,2.3,3.3,0.0,0.0,2.4,22.8
127,Jabari Smith,HOU,F,16,28.2,11.9,6.8,0.8,0.4,0.4,1.4,43.2,87.2,0.6,4.6,31.5,4.2,9.7,2.1,2.4,0.1,0.0,2.1,23.1
T128,Josh Giddey,CHI,G,16,27.2,11.8,6.2,6.4,0.7,0.2,1.3,40.6,67.4,2.4,3.7,35.6,4.3,10.6,1.8,2.7,0.2,0.0,1.6,28.9
T128,Caris LeVert,CLE,G,13,24.4,11.8,2.9,4.5,1.0,0.5,1.7,53.4,75.0,1.1,3.7,45.8,4.2,7.9,1.6,2.2,0.0,0.0,1.4,25.5
T128,Ty Jerome,CLE,G,17,18.4,11.8,2.1,3.6,1.1,0.0,1.6,59.2,86.2,1.1,2.9,55.1,4.4,7.4,1.5,1.7,0.0,0.0,1.2,21.9
T128,D'Angelo Russell,LAL,G,14,27.7,11.8,2.4,4.9,1.0,0.1,1.7,39.7,92.6,1.8,5.5,31.2,4.1,10.4,1.8,1.9,0.0,0.0,1.9,23.5
T132,Jaylen Wells,MEM,F,16,25.8,11.7,3.1,1.6,0.4,0.3,1.7,43.6,75.0,1.2,4.5,37.5,4.3,9.8,1.5,2.0,0.0,0.0,1.6,18.6
T132,Tari Eason,HOU,F,16,23.0,11.7,6.4,1.1,2.2,1.1,1.1,52.7,66.7,1.0,2.9,37.0,4.8,9.1,1.0,1.5,0.1,0.0,2.7,30.0
T132,Tim Hardaway,DET,F,13,28.6,11.7,1.6,2.1,0.4,0.0,2.5,43.2,88.9,0.6,6.0,41.0,3.7,8.5,1.8,2.1,0.0,0.0,1.5,17.3
T135,Scotty Pippen,MEM,G,16,25.8,11.6,4.0,5.7,1.2,0.4,1.2,44.9,77.3,2.1,3.1,38.8,4.1,9.2,2.1,2.8,0.3,0.1,2.9,27.6
T135,Dillon Brooks,HOU,F,16,30.4,11.6,3.3,1.3,0.7,0.2,1.9,39.5,86.4,0.8,5.2,36.1,4.3,10.8,1.2,1.4,0.0,0.0,3.1,19.4
137,Corey Kispert,WAS,F,13,29.8,11.5,3.2,1.6,0.7,0.1,2.2,40.5,84.2,0.9,6.3,34.1,4.1,10.1,1.2,1.5,0.0,0.0,1.6,19.2
T138,Dalton Knecht,LAL,F,14,21.4,11.3,2.5,1.1,0.5,0.0,2.3,52.3,92.3,0.4,4.9,46.4,4.1,7.8,0.9,0.9,0.0,0.0,1.2,17.1
T138,Scoot Henderson,POR,G,15,25.9,11.3,2.9,5.2,1.0,0.1,0.9,40.6,81.6,3.2,3.1,28.3,4.2,10.3,2.1,2.5,0.0,0.0,2.5,22.7
T138,Tyus Jones,PHO,G,16,32.4,11.3,2.9,6.9,1.0,0.1,2.1,44.3,80.0,1.1,5.5,37.5,4.4,9.9,0.5,0.6,0.1,0.0,1.0,27.4
T141,Luguentz Dort,OKC,F,16,28.9,11.2,4.5,1.7,1.2,0.8,2.3,42.4,82.8,0.8,5.8,40.2,3.7,8.7,1.5,1.8,0.0,0.0,2.8,24.2
T141,Dorian Finney-Smith,BKN,F,13,29.0,11.2,4.7,1.8,1.0,0.6,2.4,47.3,61.1,1.2,5.6,42.5,4.0,8.5,0.8,1.4,0.0,0.0,3.4,23.3
T141,Kevin Huerter,SAC,G,13,28.8,11.2,4.0,2.5,1.4,0.5,2.0,43.8,55.6,1.1,6.5,31.0,4.4,10.0,0.4,0.7,0.0,0.0,2.8,24.2
T144,Clint Capela,ATL,C,16,22.6,11.1,8.3,1.3,0.5,0.7,0.0,61.1,57.5,0.9,0.0,0.0,4.8,7.9,1.4,2.5,0.3,0.0,1.9,25.5
T144,Zach Edey,MEM,C,14,20.1,11.1,6.9,0.8,0.9,1.0,0.4,61.0,66.7,1.6,0.7,60.0,4.6,7.5,1.6,2.4,0.1,0.0,3.1,24.6
T146,Elfrid Payton,NOP,G,1,22.0,11.0,5.0,8.0,0.0,0.0,0.0,62.5,50.0,4.0,1.0,0.0,5.0,8.0,1.0,2.0,0.0,0.0,1.0,25.0
T146,Nick Richards,CHA,C,5,27.6,11.0,10.0,1.8,0.4,2.4,0.0,63.6,59.1,1.4,0.2,0.0,4.2,6.6,2.6,4.4,0.6,0.0,2.8,32.7
T148,Julian Champagnie,SAS,F,15,28.1,10.9,5.4,1.5,0.7,0.5,2.3,43.7,84.6,1.2,6.4,36.5,3.9,9.0,0.7,0.9,0.0,0.0,1.5,22.0
T148,Ayo Dosunmu,CHI,G,16,28.4,10.9,4.1,4.0,0.3,0.5,1.0,43.8,86.2,1.3,4.0,25.0,4.2,9.6,1.6,1.8,0.0,0.0,2.4,22.9
T148,Amen Thompson,HOU,G,16,24.8,10.9,6.4,2.1,0.9,0.8,0.3,55.8,72.6,1.7,1.0,25.0,3.9,7.1,2.8,3.9,0.2,0.0,2.4,25.2
T148,Onyeka Okongwu,ATL,C,14,23.6,10.9,6.5,1.6,0.8,0.7,0.4,54.2,79.5,1.0,1.9,22.2,4.1,7.6,2.2,2.8,0.2,0.0,2.3,24.6
T148,Rudy Gobert,MIN,C,14,32.9,10.9,10.4,1.9,0.4,1.6,0.0,63.0,80.0,1.8,0.0,0.0,4.1,6.6,2.6,3.2,0.4,0.0,2.9,30.5
T153,Russell Westbrook,DEN,G,13,24.8,10.8,4.4,6.0,1.4,0.6,1.1,35.7,67.9,2.6,3.3,32.6,3.5,9.7,2.8,4.1,0.1,0.1,2.7,28.4
T153,Robert Williams,POR,C,5,20.4,10.8,6.6,1.8,1.2,1.2,0.2,79.3,100.0,1.4,0.4,50.0,4.6,5.8,1.4,1.4,0.0,0.0,0.8,27.2
T155,Miles McBride,NYK,G,11,26.3,10.7,2.3,2.5,1.1,0.3,2.0,44.0,80.0,1.1,5.3,37.9,4.0,9.1,0.7,0.9,0.0,0.0,1.7,20.3
T155,Chris Boucher,TOR,F,15,18.7,10.7,4.7,0.7,0.4,0.9,1.2,50.4,73.3,0.7,3.7,32.7,4.0,7.9,1.5,2.0,0.0,0.0,1.0,20.6
T155,Chris Paul,SAS,G,15,28.4,10.7,3.8,8.5,1.3,0.1,2.1,46.7,100.0,2.1,5.2,39.7,3.7,8.0,1.1,1.1,0.4,0.0,1.9,30.1
T155,Jose Alvarado,NOP,G,11,25.6,10.7,2.2,4.5,1.5,0.3,2.2,39.6,82.4,1.3,5.5,40.0,3.6,9.2,1.3,1.5,0.0,0.0,2.4,24.2
T159,Carlton Carrington,WAS,G,13,30.3,10.4,4.4,5.0,1.2,0.3,1.6,43.8,80.0,1.8,4.2,38.9,3.8,8.6,1.2,1.5,0.1,0.0,3.2,25.9
T159,Dalano Banton,POR,G,13,14.8,10.4,2.0,2.4,1.0,0.8,1.3,45.6,68.6,1.5,3.1,42.5,3.6,7.9,1.8,2.7,0.0,0.0,0.9,20.1
T159,Caleb Martin,PHI,F,14,33.6,10.4,5.4,2.6,1.2,0.5,0.9,42.7,68.1,2.1,3.0,31.0,3.6,8.4,2.3,3.4,0.1,0.0,2.1,23.8
T159,Grant Williams,CHA,F,14,29.0,10.4,5.1,2.4,1.1,0.8,1.7,44.9,83.9,1.8,4.6,36.9,3.4,7.6,1.9,2.2,0.0,0.0,3.0,24.2
T163,Grayson Allen,PHO,G,12,21.9,10.3,2.4,1.0,0.6,0.3,2.3,37.6,76.9,1.3,6.7,35.0,3.2,8.4,1.7,2.2,0.0,0.0,1.3,16.2
T163,De'Anthony Melton,GSW,G,6,20.2,10.3,3.3,2.8,1.2,0.3,2.2,40.7,62.5,1.7,5.8,37.1,3.7,9.0,0.8,1.3,0.2,0.0,3.0,21.4
T165,Al Horford,BOS,C,13,27.4,10.2,5.5,2.2,0.9,0.8,2.4,51.6,100.0,1.0,5.0,47.7,3.7,7.2,0.5,0.5,0.1,0.0,1.4,24.5
T165,Duncan Robinson,MIA,F,12,20.3,10.2,2.2,1.8,0.6,0.3,2.5,38.4,85.7,0.8,6.8,36.6,3.6,9.3,0.5,0.6,0.0,0.0,1.9,17.3
T167,Jaden McDaniels,MIN,F,14,29.6,10.1,3.5,1.7,1.4,1.0,1.1,46.7,60.0,1.2,3.6,31.4,4.1,8.7,0.9,1.4,0.0,0.0,3.6,22.8
T167,Amir Coffey,LAC,F,16,24.3,10.1,2.6,1.1,0.6,0.1,1.6,49.1,85.3,0.7,3.5,46.4,3.3,6.8,1.8,2.1,0.0,0.0,1.6,16.0
T167,Josh Okogie,PHO,F,8,19.3,10.1,4.4,0.8,1.1,0.1,1.1,54.5,66.7,1.1,2.3,50.0,3.8,6.9,1.5,2.3,0.0,0.0,1.3,19.1
T170,Harrison Barnes,SAS,F,15,28.5,9.9,4.1,1.5,0.3,0.2,1.3,48.1,78.9,0.8,3.3,38.8,3.3,6.9,2.0,2.5,0.0,0.0,0.7,18.0
T170,Patrick Williams,CHI,F,15,28.7,9.9,5.0,2.3,1.0,0.5,1.9,37.6,84.0,1.9,4.7,39.4,3.3,8.9,1.4,1.7,0.1,0.0,1.4,22.1
T170,Derrick Jones,LAC,F,16,25.9,9.9,3.6,0.9,1.3,0.3,1.5,48.4,82.4,1.1,3.3,45.3,3.8,7.8,0.9,1.1,0.0,0.0,2.3,19.2
T170,Deni Avdija,POR,F,15,24.7,9.9,5.7,2.9,1.1,0.8,0.9,36.0,78.9,1.9,3.3,26.0,3.0,8.3,3.0,3.8,0.1,0.0,1.7,24.9
T170,Stephon Castle,SAS,G,15,25.2,9.9,2.6,3.5,0.8,0.4,1.0,38.2,69.0,1.7,3.6,27.8,3.5,9.1,1.9,2.8,0.0,0.0,1.7,20.1
T175,Alex Sarr,WAS,F,13,25.7,9.8,5.5,2.3,0.8,2.1,0.9,35.1,70.0,1.2,4.5,20.3,3.6,10.3,1.6,2.3,0.1,0.0,2.9,27.2
T175,T.J. McConnell,IND,G,14,18.3,9.8,2.4,4.2,1.3,0.1,0.1,55.1,66.7,1.6,0.4,20.0,4.6,8.4,0.4,0.6,0.0,0.0,0.9,21.7
177,P.J. Washington,DAL,F,10,29.8,9.7,8.1,1.5,1.4,1.2,1.0,41.1,72.2,1.0,3.8,26.3,3.7,9.0,1.3,1.8,0.2,0.0,2.2,28.5
T178,Obi Toppin,IND,F,14,20.6,9.6,3.0,1.6,0.5,0.4,1.0,54.5,86.7,0.8,3.3,30.4,3.9,7.1,0.9,1.1,0.0,0.0,1.3,17.5
T178,Royce O'Neale,PHO,F,16,25.4,9.6,6.1,2.3,0.8,0.9,2.1,40.6,70.6,0.9,5.1,40.2,3.4,8.3,0.8,1.1,0.0,0.0,2.4,24.3
T178,Aaron Wiggins,OKC,F,16,21.3,9.6,3.8,1.8,0.8,0.3,1.6,44.7,81.8,0.8,3.8,42.6,3.7,8.3,0.6,0.7,0.0,0.0,1.5,19.3
T181,Julian Strawther,DEN,F,13,21.2,9.5,2.5,1.4,1.0,0.5,1.5,43.4,75.0,1.0,3.9,37.3,3.3,7.6,1.4,1.8,0.0,0.0,2.7,17.9
T181,Peyton Watson,DEN,F,13,24.3,9.5,3.5,1.1,0.9,0.9,1.0,44.0,76.7,0.8,2.7,37.1,3.4,7.7,1.8,2.3,0.0,0.0,2.2,20.2
T181,Garrison Mathews,ATL,G,15,20.5,9.5,1.2,1.7,0.8,0.2,2.4,45.7,88.5,0.5,5.1,46.8,2.8,6.1,1.5,1.7,0.0,0.0,1.9,16.1
184,Donte DiVincenzo,MIN,G,14,25.6,9.4,3.2,3.3,1.3,0.3,2.3,34.6,78.6,1.6,7.1,32.3,3.1,9.1,0.8,1.0,0.0,0.0,1.9,21.3
185,Guerschon Yabusele,PHI,F,14,21.1,9.3,4.8,1.8,0.7,0.4,1.6,50.0,61.1,1.2,3.9,41.8,3.4,6.9,0.8,1.3,0.0,0.0,2.8,19.9
T186,Aaron Nesmith,IND,F,6,22.7,9.2,4.0,1.0,0.7,0.3,1.0,52.8,84.6,0.8,1.8,54.5,3.2,6.0,1.8,2.2,0.0,0.0,4.0,17.6
T186,Walker Kessler,UTA,C,9,26.6,9.2,10.7,1.0,0.4,2.8,0.0,68.6,56.5,1.7,0.0,0.0,3.9,5.7,1.4,2.6,0.4,0.0,2.2,31.5
T186,Ziaire Williams,BKN,F,15,21.5,9.2,4.5,1.1,0.9,0.5,0.9,43.6,81.5,0.9,3.3,28.0,3.4,7.8,1.5,1.8,0.0,0.0,2.9,19.6
T186,Jalen Wilson,BKN,F,15,22.4,9.2,3.3,1.8,0.3,0.0,1.3,45.2,86.2,1.0,3.7,34.5,3.1,6.9,1.7,1.9,0.0,0.0,2.1,15.8
T190,Jay Huff,MEM,C,16,14.4,9.1,2.3,0.8,0.3,1.6,1.6,54.7,84.2,0.6,3.8,42.6,3.3,5.9,1.0,1.2,0.0,0.0,1.2,18.0
T190,Toumani Camara,POR,F,15,31.8,9.1,5.3,2.2,1.7,0.3,1.5,43.9,73.7,1.8,3.5,41.5,3.3,7.6,0.9,1.3,0.0,0.0,3.0,23.1
T190,Naji Marshall,DAL,F,15,23.5,9.1,3.4,2.9,1.2,0.1,0.3,50.9,96.0,1.2,2.0,13.3,3.6,7.1,1.6,1.7,0.0,0.0,1.6,20.2
T190,Draymond Green,GSW,C,14,28.1,9.1,5.9,5.7,1.1,1.1,1.5,45.1,68.6,2.1,3.5,42.9,2.9,6.5,1.7,2.5,0.1,0.0,3.4,29.0
T190,Jalen Duren,DET,C,14,24.9,9.1,10.5,2.7,0.3,1.1,0.0,75.0,51.4,1.7,0.0,0.0,3.9,5.1,1.4,2.6,0.4,0.0,3.3,28.3
T195,Isaiah Joe,OKC,G,14,22.2,9.0,3.1,1.7,0.7,0.3,2.3,40.7,75.0,0.3,6.3,36.4,3.1,7.7,0.4,0.6,0.0,0.0,2.0,18.1
T195,Anthony Black,ORL,G,16,25.1,9.0,2.8,4.5,0.9,0.9,0.8,42.6,71.7,2.3,2.6,31.7,3.1,7.2,2.1,2.9,0.0,0.0,2.3,22.3
T197,Jake LaRavia,MEM,F,16,24.9,8.9,5.2,3.8,0.9,0.8,0.9,49.5,67.5,1.4,2.3,40.5,3.1,6.3,1.7,2.5,0.1,0.0,2.4,24.5
T197,Jusuf Nurkic,PHO,C,14,24.3,8.9,10.0,1.2,1.0,0.6,0.9,40.4,65.3,2.6,3.1,30.2,2.9,7.1,2.3,3.5,0.4,0.0,2.9,25.1
T197,Jaime Jaquez,MIA,F,9,23.0,8.9,6.0,2.8,1.1,0.1,0.8,42.5,57.9,1.8,2.0,38.9,3.4,8.1,1.2,2.1,0.0,0.0,2.0,22.1
T200,Nickeil Alexander-Walker,MIN,G,14,23.6,8.8,2.6,2.6,1.0,0.4,1.6,52.9,71.4,1.5,3.4,47.9,3.2,6.1,0.7,1.0,0.0,0.0,1.1,18.4
T200,Moses Moody,GSW,F,14,16.4,8.8,2.2,1.0,0.3,0.2,1.6,46.7,69.6,1.1,3.9,42.6,3.0,6.4,1.1,1.6,0.0,0.0,1.2,13.4
T202,Georges Niang,CLE,F,17,20.1,8.7,3.5,1.2,0.5,0.2,1.8,48.3,80.0,0.9,4.6,38.0,3.4,6.9,0.2,0.3,0.0,0.0,2.3,15.9
T202,Cody Martin,CHA,G,14,24.4,8.7,4.4,2.0,1.0,0.6,1.4,45.8,68.2,1.1,3.4,40.4,3.1,6.9,1.1,1.6,0.0,0.0,1.9,20.7
T204,Dereck Lively,DAL,C,11,22.3,8.6,6.8,2.3,0.6,1.5,0.0,69.0,53.6,1.2,0.0,0.0,3.6,5.3,1.4,2.5,0.2,0.0,3.1,25.3
T204,Nic Claxton,BKN,C,11,24.7,8.6,7.7,2.5,0.5,1.2,0.0,65.1,46.4,1.0,0.0,0.0,3.7,5.7,1.2,2.5,0.3,0.0,2.5,25.9
T204,Kyshawn George,WAS,F,13,27.9,8.6,4.2,3.0,0.8,0.9,1.5,34.8,70.0,0.8,5.7,27.0,3.0,8.6,1.1,1.5,0.0,0.0,3.4,22.6
207,Andre Drummond,PHI,C,13,21.6,8.5,8.9,0.5,1.4,0.5,0.1,51.1,51.3,1.8,0.4,20.0,3.5,6.8,1.5,3.0,0.2,0.0,2.8,23.6
T208,Trayce Jackson-Davis,GSW,C,14,17.3,8.4,5.1,2.4,0.4,0.6,0.0,66.7,58.3,0.9,0.0,0.0,3.7,5.6,1.0,1.7,0.1,0.0,1.4,20.0
T208,Jaylen Nowell,FA,G,8,21.0,8.4,2.5,2.3,0.1,0.4,1.0,35.6,63.6,1.0,3.4,29.6,3.3,9.1,0.9,1.4,0.0,0.0,1.1,15.3
T208,Davion Mitchell,TOR,G,15,29.2,8.4,2.7,5.9,1.0,0.3,1.0,42.6,72.2,2.1,3.4,29.4,3.3,7.7,0.9,1.2,0.1,0.0,2.9,22.1
T211,Wendell Carter,ORL,C,6,26.3,8.3,8.8,2.2,1.3,0.3,0.3,44.7,77.8,0.5,2.7,12.5,2.8,6.3,2.3,3.0,0.2,0.0,2.3,26.7
T211,Taurean Prince,MIL,F,15,29.7,8.3,5.1,2.1,1.0,0.1,1.9,46.9,100.0,1.2,3.9,50.0,3.1,6.5,0.2,0.2,0.1,0.0,2.1,19.5
T211,Nikola Jovic,MIA,F,13,19.1,8.3,3.9,1.3,1.0,0.1,1.1,45.3,80.0,0.6,3.3,32.6,3.0,6.6,1.2,1.5,0.0,0.0,1.5,17.6
T211,Kevin Porter,LAC,G,16,17.3,8.3,3.1,2.9,0.7,0.3,0.5,41.7,58.3,2.3,2.3,22.2,3.4,8.3,0.9,1.5,0.0,0.0,1.3,16.9
T215,Cameron Payne,NYK,G,11,17.1,8.2,1.7,3.4,0.7,0.2,1.8,44.2,50.0,0.6,4.1,44.4,3.1,7.0,0.2,0.4,0.0,0.0,2.1,17.4
T215,Malaki Branham,SAS,G,13,14.7,8.2,1.7,1.3,0.4,0.2,1.2,48.7,83.3,1.4,2.5,46.9,2.9,6.0,1.2,1.4,0.0,0.0,0.5,12.4
217,Goga Bitadze,ORL,C,12,20.7,8.0,6.4,1.6,0.5,1.3,0.0,68.9,75.0,1.3,0.5,0.0,3.5,5.1,1.0,1.3,0.3,0.0,2.3,22.2
T218,Larry Nance,ATL,C,9,15.7,7.9,2.4,1.2,0.8,0.3,1.6,65.1,50.0,0.4,2.4,63.6,3.1,4.8,0.1,0.2,0.0,0.0,1.2,15.5
T218,AJ Green,MIL,G,14,18.6,7.9,1.8,0.9,0.6,0.1,2.4,50.0,75.0,0.4,4.9,49.3,2.6,5.3,0.2,0.3,0.0,0.0,1.1,13.2
T220,Gary Trent,MIL,G,13,24.9,7.8,1.8,0.8,0.9,0.0,1.6,35.5,93.8,0.5,4.8,33.9,2.5,7.2,1.2,1.2,0.0,0.0,2.4,13.5
T220,Kris Dunn,LAC,G,16,22.4,7.8,3.6,3.0,1.1,0.2,1.3,52.0,37.5,1.2,3.2,39.2,3.2,6.1,0.2,0.5,0.0,0.0,2.7,19.2
T220,Haywood Highsmith,MIA,F,11,25.0,7.8,2.9,0.8,1.4,0.5,1.2,55.9,63.6,0.6,2.6,44.8,3.0,5.4,0.6,1.0,0.0,0.0,1.9,17.4
T223,Luke Kennard,MEM,G,8,21.3,7.5,2.5,3.9,0.5,0.1,1.9,43.2,70.0,1.3,4.1,45.5,2.4,5.5,0.9,1.3,0.0,0.0,1.0,16.9
T223,Sam Hauser,BOS,F,12,21.3,7.5,3.5,1.3,0.5,0.3,1.9,37.9,100.0,0.3,6.1,31.5,2.8,7.3,0.1,0.1,0.0,0.0,0.8,15.7
T223,Mike Conley,MIN,G,13,24.9,7.5,3.2,4.8,1.7,0.2,1.7,31.9,84.2,1.2,5.0,33.8,2.3,7.2,1.2,1.5,0.1,0.0,1.7,23.1
T223,Kyle Filipowski,UTA,C,13,19.1,7.5,4.4,2.2,0.6,0.2,0.7,54.3,48.1,1.1,2.2,31.0,2.9,5.4,1.0,2.1,0.0,0.0,1.5,17.4
T223,Brandin Podziemski,GSW,G,13,24.2,7.5,4.6,3.3,0.9,0.3,0.8,36.8,60.0,1.3,3.7,20.8,3.0,8.2,0.7,1.2,0.0,0.0,2.3,20.3
T228,Jalen Smith,CHI,C,14,14.4,7.4,4.8,0.8,0.4,0.4,1.2,43.4,75.0,0.7,3.3,37.0,2.6,5.9,1.1,1.4,0.0,0.0,1.9,16.2
T228,Marcus Smart,MEM,G,7,20.1,7.4,2.6,3.7,1.0,0.9,0.9,30.0,84.2,2.0,4.0,21.4,2.1,7.1,2.3,2.7,0.0,0.0,2.1,19.7
T228,Quenton Jackson,IND,G,7,14.0,7.4,1.4,1.7,0.9,0.4,0.4,64.7,83.3,0.7,1.4,30.0,3.1,4.9,0.7,0.9,0.0,0.0,1.4,14.9
T231,Andrew Nembhard,IND,G,7,26.6,7.3,2.0,4.7,0.9,0.0,0.4,38.5,80.0,1.4,1.9,23.1,2.9,7.4,1.1,1.4,0.0,0.0,2.1,17.9
T231,Keon Ellis,SAC,G,14,21.6,7.3,2.2,0.8,1.2,0.9,1.4,48.5,84.2,1.0,3.4,42.6,2.4,4.9,1.1,1.4,0.0,0.0,2.1,16.3
233,Noah Clowney,BKN,F,13,16.2,7.1,3.2,0.8,0.3,0.5,1.4,37.3,70.6,0.7,4.0,34.6,2.4,6.4,0.9,1.3,0.0,0.0,2.4,13.9
T234,Trendon Watford,BKN,F,2,16.0,7.0,3.5,2.0,0.5,1.0,0.0,44.4,85.7,0.5,1.0,0.0,2.0,4.5,3.0,3.5,0.0,0.0,1.0,18.2
T234,Jeremiah Robinson-Earl,NOP,C,16,20.9,7.0,4.6,1.1,0.6,0.1,0.9,41.8,84.2,0.9,2.7,32.6,2.6,6.1,1.0,1.2,0.0,0.0,1.3,15.4
T234,Kevin Love,MIA,C,5,12.4,7.0,5.6,1.0,1.6,0.0,1.6,41.9,100.0,0.4,3.6,44.4,2.6,6.2,0.2,0.2,0.0,0.0,0.4,19.6
T234,Zach Collins,SAS,C,15,15.7,7.0,3.7,2.1,0.6,0.5,0.7,50.0,95.7,1.0,1.8,40.7,2.4,4.8,1.5,1.5,0.0,0.0,2.3,17.1
T234,JT Thor,CLE,F,2,7.5,7.0,1.0,0.0,1.0,1.0,1.0,100.0,100.0,1.0,1.0,100.0,2.5,2.5,1.0,1.0,0.0,0.0,1.0,13.2
T234,Isaiah Jackson,IND,C,5,16.8,7.0,5.6,1.0,0.6,1.6,0.0,60.9,50.0,1.0,0.0,0.0,2.8,4.6,1.4,2.8,0.0,0.0,2.8,20.8
T234,Yves Missi,NOP,C,16,23.3,7.0,6.9,1.6,0.6,1.1,0.0,53.0,68.6,1.1,0.0,0.0,2.8,5.2,1.5,2.2,0.1,0.0,1.6,21.7
T241,Ryan Dunn,PHO,F,15,18.7,6.9,2.6,0.8,0.5,0.5,1.4,42.3,16.7,0.5,4.2,33.3,2.7,6.5,0.1,0.4,0.0,0.0,2.4,13.7
T241,Kentavious Caldwell-Pope,ORL,G,16,29.9,6.9,2.3,1.9,1.3,0.5,1.0,33.9,100.0,0.7,4.4,22.9,2.3,6.8,1.3,1.3,0.0,0.0,2.1,17.4
T241,Tristan da Silva,ORL,F,12,24.6,6.9,3.8,2.0,0.3,0.3,1.0,38.8,81.8,0.4,3.3,30.0,2.6,6.7,0.8,0.9,0.0,0.0,1.6,15.9
T244,Sam Merrill,CLE,G,13,19.6,6.8,1.6,1.5,0.6,0.2,1.8,41.4,100.0,0.5,4.8,38.1,2.2,5.4,0.5,0.5,0.0,0.0,1.9,12.9
T244,Herbert Jones,NOP,F,4,28.3,6.8,2.5,1.0,1.8,0.3,0.5,48.0,50.0,1.3,2.8,18.2,3.0,6.3,0.3,0.5,0.0,0.0,2.3,16.0
246,Bogdan Bogdanovic,ATL,G,3,23.0,6.7,4.0,2.0,0.0,0.7,1.7,22.2,100.0,2.3,6.3,26.3,2.0,9.0,1.0,1.0,0.0,0.0,2.3,14.1
247,Jonathan Isaac,ORL,F,13,16.6,6.6,4.5,0.3,0.8,1.2,0.8,49.2,61.1,0.5,2.6,32.4,2.5,5.0,0.8,1.4,0.0,0.0,1.3,18.1
T248,Neemias Queta,BOS,C,14,18.8,6.4,5.4,0.7,0.1,0.8,0.0,63.5,71.4,0.8,0.1,0.0,2.9,4.5,0.7,1.0,0.0,0.0,1.9,15.9
T248,Cason Wallace,OKC,G,16,25.8,6.4,3.3,1.9,1.7,0.5,0.8,40.2,100.0,0.4,3.0,27.1,2.7,6.7,0.2,0.2,0.0,0.0,2.2,19.3
T248,Isaiah Stewart,DET,F,16,22.0,6.4,6.9,1.9,0.5,1.3,0.2,57.1,86.4,1.1,0.6,30.0,2.5,4.4,1.2,1.4,0.1,0.0,3.1,21.7
T251,Antonio Reeves,NOP,G,9,10.2,6.3,1.1,0.4,0.3,0.0,0.9,46.9,100.0,0.3,2.8,32.0,2.6,5.4,0.3,0.3,0.0,0.0,0.3,9.0
T251,Simone Fontecchio,DET,F,14,19.0,6.3,3.3,0.9,0.2,0.1,1.2,37.5,81.0,0.7,3.6,34.0,1.9,5.1,1.2,1.5,0.0,0.0,1.3,11.9
T251,Jaxson Hayes,LAL,C,10,17.4,6.3,4.6,0.9,0.3,0.9,0.0,70.6,78.9,0.6,0.0,0.0,2.4,3.4,1.5,1.9,0.0,0.0,2.7,16.2
T251,Mo Bamba,LAC,C,3,12.3,6.3,4.7,0.7,1.0,0.0,0.3,53.3,66.7,0.7,1.3,25.0,2.7,5.0,0.7,1.0,0.0,0.0,2.3,15.3
T251,David Roddy,ATL,F,12,16.5,6.3,3.3,1.6,0.5,0.2,0.8,57.4,84.6,1.1,1.9,43.5,2.3,3.9,0.9,1.1,0.0,0.0,0.9,13.4
T251,Alec Burks,MIA,G,6,18.5,6.3,2.3,2.0,0.5,0.2,1.7,46.4,100.0,0.2,3.3,50.0,2.2,4.7,0.3,0.3,0.0,0.0,0.3,14.0
T251,Javonte Green,NOP,F,16,23.9,6.3,3.4,0.8,1.1,0.6,0.8,40.2,88.0,0.4,2.2,34.3,2.1,5.1,1.4,1.6,0.0,0.0,1.1,15.9
T258,Trey Lyles,SAC,F,15,20.7,6.2,4.1,1.0,0.5,0.6,1.4,36.5,83.3,0.5,4.1,34.4,2.1,5.7,0.7,0.8,0.1,0.0,1.5,15.4
T258,Kyle Lowry,PHI,G,13,24.2,6.2,2.2,3.4,1.2,0.4,1.3,38.1,78.9,0.8,3.7,35.4,1.8,4.8,1.2,1.5,0.0,0.0,1.8,17.9
T258,Josh Green,CHA,F,12,24.4,6.2,2.3,1.5,0.7,0.3,1.3,45.6,66.7,0.8,2.6,51.6,2.2,4.8,0.5,0.8,0.0,0.0,2.8,13.3
T261,Moses Brown,IND,C,1,7.0,6.0,4.0,0.0,0.0,0.0,0.0,75.0,0.0,0.0,0.0,0.0,3.0,4.0,0.0,0.0,0.0,0.0,2.0,10.8
T261,James Wiseman,IND,C,1,5.0,6.0,1.0,0.0,0.0,0.0,0.0,50.0,100.0,0.0,1.0,0.0,2.0,4.0,2.0,2.0,0.0,0.0,0.0,7.2
T261,Donovan Clingan,POR,C,15,16.6,6.0,5.9,0.2,0.5,2.1,0.1,55.4,72.7,0.9,0.4,33.3,2.4,4.3,1.1,1.5,0.1,0.0,2.8,20.4
T264,Cam Whitmore,HOU,F,8,10.0,5.9,1.4,0.5,0.1,0.1,0.1,37.5,62.5,0.4,2.6,4.8,2.3,6.0,1.3,2.0,0.0,0.0,1.1,8.7
T264,Isaac Okoro,CLE,F,15,20.1,5.9,2.1,1.5,0.8,0.3,1.1,49.2,61.5,0.3,2.4,44.4,2.1,4.3,0.5,0.9,0.0,0.0,2.0,13.8
T266,Lindy Waters,GSW,F,12,15.5,5.8,2.1,1.3,0.6,0.2,1.3,47.3,100.0,0.1,3.0,41.7,2.2,4.6,0.2,0.2,0.0,0.0,1.3,12.4
T266,Brandon Clarke,MEM,C,15,16.1,5.8,3.7,0.6,0.9,0.1,0.1,50.0,76.9,0.3,1.1,6.3,2.5,5.1,0.7,0.9,0.0,0.0,1.7,13.6
T266,Ben Sheppard,IND,G,13,21.0,5.8,2.2,1.3,0.4,0.3,1.5,42.4,0.0,0.4,3.6,40.4,2.2,5.1,0.0,0.0,0.0,0.0,2.5,12.1
T269,Ben Simmons,BKN,G,11,24.5,5.7,6.0,6.8,0.9,0.5,0.0,57.7,75.0,2.9,0.0,0.0,2.7,4.7,0.3,0.4,0.0,0.0,3.1,24.6
T269,Jarace Walker,IND,F,15,16.3,5.7,3.5,1.4,1.3,0.4,1.0,41.7,68.8,1.7,2.5,39.5,2.0,4.8,0.7,1.1,0.0,0.0,1.5,15.3
T271,Jordan Miller,LAC,G,5,9.0,5.6,1.6,0.6,0.4,0.0,0.2,36.8,86.7,0.6,1.0,20.0,1.4,3.8,2.6,3.0,0.0,0.0,0.6,9.0
T271,Jaden Hardy,DAL,G,14,14.2,5.6,1.4,1.4,0.5,0.1,0.6,40.3,100.0,1.2,2.5,25.7,2.1,5.1,0.8,0.8,0.0,0.0,1.4,9.8
T271,Ron Holland,DET,F,16,15.4,5.6,3.1,0.5,0.6,0.1,0.3,40.7,84.2,0.6,2.2,11.4,2.2,5.4,1.0,1.2,0.0,0.0,1.4,11.8
T271,Quentin Grimes,DAL,G,14,17.1,5.6,3.1,1.2,0.4,0.1,1.0,45.0,76.9,0.6,2.5,40.0,1.9,4.3,0.7,0.9,0.0,0.0,1.8,12.3
T271,Jamison Battle,TOR,F,14,13.9,5.6,2.2,0.9,0.0,0.1,1.4,43.5,75.0,0.3,3.3,41.3,1.9,4.4,0.4,0.6,0.0,0.0,1.4,9.7
T276,Terance Mann,LAC,G,16,21.1,5.5,3.7,1.8,0.6,0.3,0.6,39.1,73.3,0.6,2.1,27.3,2.1,5.4,0.7,0.9,0.0,0.0,2.2,14.6
T276,Kobe Bufkin,ATL,G,2,15.0,5.5,2.0,0.5,0.0,1.0,1.0,25.0,60.0,1.0,4.5,22.2,1.5,6.0,1.5,2.5,0.0,0.0,1.5,10.7
T276,Dean Wade,CLE,F,13,22.0,5.5,4.2,1.5,1.0,0.4,1.4,39.3,41.7,0.3,3.9,35.3,1.8,4.7,0.4,0.9,0.0,0.0,1.7,16.6
T276,Kevon Looney,GSW,C,12,15.6,5.5,8.1,1.7,0.8,0.3,0.0,47.3,53.8,0.7,0.0,0.0,2.2,4.6,1.2,2.2,0.1,0.0,2.7,20.5
T280,Johnny Juzang,UTA,G,10,14.6,5.4,1.6,0.7,0.5,0.2,1.0,39.5,100.0,0.5,3.0,33.3,1.7,4.3,1.0,1.0,0.0,0.0,2.0,10.0
T280,Ajay Mitchell,OKC,G,16,16.3,5.4,1.8,1.9,0.9,0.1,0.6,50.0,77.8,0.9,1.2,47.4,2.2,4.4,0.4,0.6,0.0,0.0,1.7,12.4
T280,Monte Morris,PHO,G,12,11.7,5.4,1.1,1.3,0.4,0.3,0.8,45.8,85.7,0.4,1.9,39.1,1.8,4.0,1.0,1.2,0.0,0.0,0.3,10.2
T283,Eric Gordon,PHI,G,12,17.5,5.3,1.0,1.3,0.3,0.3,0.8,35.7,77.8,1.1,2.6,29.0,1.7,4.7,1.2,1.5,0.0,0.0,0.8,8.7
T283,Vince Williams,MEM,F,3,15.0,5.3,3.7,3.0,0.0,0.7,0.3,36.8,25.0,2.3,2.7,12.5,2.3,6.3,0.3,1.3,0.0,0.0,3.0,13.9
285,Kyle Anderson,GSW,F,13,16.4,5.2,3.4,2.8,1.2,0.7,0.6,34.7,71.4,0.4,2.3,26.7,1.9,5.5,0.8,1.1,0.0,0.0,1.2,18.6
286,Brice Sensabaugh,UTA,F,9,12.6,5.1,1.9,0.4,0.3,0.0,0.9,44.1,88.9,1.2,2.4,36.4,1.7,3.8,0.9,1.0,0.0,0.0,0.3,7.8
T287,Torrey Craig,CHI,F,4,11.3,5.0,2.5,0.8,0.3,0.3,1.0,43.8,100.0,0.0,3.3,30.8,1.8,4.0,0.5,0.5,0.0,0.0,1.0,10.6
T287,Alex Caruso,OKC,G,13,19.8,5.0,2.9,2.2,1.8,0.7,0.6,35.6,71.4,0.7,3.0,20.5,2.0,5.6,0.4,0.5,0.0,0.0,2.6,18.7
T289,Pat Connaughton,MIL,G,13,17.6,4.9,2.8,1.8,0.2,0.2,0.9,35.5,80.0,0.8,3.1,30.0,1.7,4.8,0.6,0.8,0.0,0.0,1.2,11.5
T289,Mason Plumlee,PHO,C,15,17.4,4.9,5.9,1.8,0.3,0.4,0.0,58.0,53.3,0.9,0.0,0.0,1.9,3.3,1.1,2.0,0.1,0.0,2.1,15.9
T289,Jamal Shead,TOR,G,15,15.6,4.9,0.9,3.3,0.3,0.1,0.3,37.5,75.0,1.6,1.7,19.2,2.0,5.3,0.6,0.8,0.0,0.0,1.9,10.8
T289,Pelle Larsson,MIA,F,8,13.0,4.9,1.0,1.4,0.5,0.0,0.6,53.8,60.0,0.5,1.5,41.7,1.8,3.3,0.8,1.3,0.0,0.0,1.5,9.1
T293,Jared Butler,WAS,G,10,8.3,4.8,0.7,2.4,0.6,0.2,0.1,50.0,68.4,0.3,0.5,20.0,1.7,3.4,1.3,1.9,0.0,0.0,0.8,11.3
T293,Seth Curry,CHA,G,13,14.8,4.8,1.8,0.5,0.5,0.1,1.0,41.1,60.0,0.3,2.5,40.6,1.8,4.3,0.2,0.4,0.0,0.0,1.4,9.0
T295,Drew Eubanks,UTA,C,11,14.1,4.7,4.1,1.1,0.3,0.5,0.1,63.6,60.0,0.7,0.3,33.3,1.9,3.0,0.8,1.4,0.0,0.0,1.1,13.0
T295,Lonzo Ball,CHI,G,3,16.0,4.7,2.7,3.7,0.0,0.3,1.3,35.7,0.0,1.0,4.0,33.3,1.7,4.7,0.0,0.0,0.0,0.0,1.3,13.4
T295,Keaton Wallace,ATL,G,12,16.3,4.7,1.5,1.8,0.8,0.5,0.7,40.0,100.0,1.0,2.2,30.8,1.8,4.6,0.3,0.3,0.0,0.0,1.1,12.2
T295,Jamal Cain,NOP,F,12,15.3,4.7,3.0,0.8,0.4,0.4,0.8,43.2,64.3,0.6,2.0,37.5,1.6,3.7,0.8,1.2,0.0,0.0,1.5,11.3
T295,Taylor Hendricks,UTA,F,3,25.0,4.7,5.0,0.7,1.7,1.3,1.0,22.2,75.0,0.7,4.0,25.0,1.3,6.0,1.0,1.3,0.0,0.0,2.7,20.0
T295,Sandro Mamukelashvili,SAS,C,12,8.8,4.7,2.7,0.3,0.1,0.4,0.9,55.9,100.0,0.8,1.9,47.8,1.6,2.8,0.6,0.6,0.0,0.0,0.7,9.1
T301,Cam Reddish,LAL,F,8,21.6,4.6,2.9,0.6,1.1,0.5,0.6,61.9,60.0,0.4,1.1,55.6,1.6,2.6,0.8,1.3,0.0,0.0,1.6,13.5
T301,Jonathan Mogbo,TOR,F,15,15.5,4.6,4.1,1.5,0.9,0.5,0.1,47.1,69.0,0.8,0.5,14.3,1.6,3.4,1.3,1.9,0.0,0.0,2.0,15.0
T303,Oso Ighodaro,PHO,C,11,15.9,4.5,4.0,0.6,0.4,0.4,0.0,65.6,80.0,0.7,0.0,0.0,1.9,2.9,0.7,0.9,0.0,0.0,1.9,11.8
T303,Jock Landale,HOU,C,11,11.4,4.5,3.5,1.1,0.2,0.4,0.3,45.2,60.0,0.5,0.5,60.0,1.7,3.8,0.8,1.4,0.0,0.0,1.2,11.5
T303,Gary Payton,GSW,G,14,11.4,4.5,1.9,1.1,0.6,0.3,0.1,63.6,62.5,0.6,0.8,18.2,2.0,3.1,0.4,0.6,0.0,0.0,1.3,10.6
T306,Talen Horton-Tucker,CHI,G,11,8.7,4.4,2.0,1.3,0.0,0.1,0.5,43.2,68.8,0.3,1.3,35.7,1.5,3.4,1.0,1.5,0.0,0.0,0.6,8.7
T306,Keon Johnson,BKN,G,14,12.8,4.4,2.9,1.0,0.3,0.3,0.9,34.9,85.7,0.8,2.9,30.0,1.6,4.5,0.4,0.5,0.0,0.0,1.5,10.3
T306,Dalen Terry,CHI,F,16,13.1,4.4,1.8,0.9,0.6,0.4,0.4,49.0,71.4,0.9,1.0,37.5,1.6,3.2,0.9,1.3,0.0,0.0,1.4,10.1
T306,Julian Phillips,CHI,F,16,13.9,4.4,2.1,0.4,0.8,0.1,0.8,41.7,56.3,0.5,2.3,32.4,1.6,3.8,0.6,1.0,0.0,0.0,1.4,9.9
T310,Bones Hyland,LAC,G,4,5.0,4.3,0.8,0.0,0.5,0.5,0.8,35.7,100.0,0.3,1.8,42.9,1.3,3.5,1.0,1.0,0.0,0.0,0.5,7.9
T310,Kenrich Williams,OKC,F,6,12.0,4.3,2.3,0.7,0.5,0.7,0.3,50.0,100.0,0.3,1.8,18.2,1.8,3.7,0.3,0.3,0.0,0.0,1.8,11.3
T310,Vit Krejci,ATL,G,6,13.5,4.3,1.2,1.5,0.7,0.3,0.7,45.0,57.1,0.8,1.8,36.4,1.5,3.3,0.7,1.2,0.0,0.0,2.0,10.2
T310,Luke Kornet,BOS,C,13,16.8,4.3,3.9,1.7,0.5,0.7,0.0,62.5,94.1,0.4,0.0,0.0,1.5,2.5,1.2,1.3,0.0,0.0,1.5,14.9
T310,KJ Martin,PHI,F,11,14.6,4.3,2.1,0.5,0.3,0.6,0.2,64.3,75.0,0.1,0.4,50.0,1.6,2.5,0.8,1.1,0.0,0.0,2.2,10.2
T310,Kris Murray,POR,F,14,12.8,4.3,2.4,0.7,0.6,0.1,0.6,46.0,35.3,0.6,1.6,36.4,1.6,3.6,0.4,1.2,0.0,0.0,0.9,10.1
T316,Jett Howard,ORL,F,15,8.8,4.2,1.0,0.3,0.1,0.4,1.1,40.0,100.0,0.3,3.0,37.8,1.5,3.7,0.1,0.1,0.0,0.0,0.9,6.9
T316,Blake Wesley,SAS,G,13,11.7,4.2,0.6,1.7,0.4,0.1,0.2,44.0,81.8,1.1,1.0,15.4,1.7,3.8,0.7,0.8,0.0,0.0,0.7,7.8
T318,Thomas Bryant,MIA,C,7,12.7,4.1,3.6,0.6,0.1,0.7,0.6,47.6,100.0,0.1,1.6,36.4,1.4,3.0,0.7,0.7,0.0,0.0,1.0,11.7
T318,Paul Reed,DET,C,7,9.4,4.1,1.6,0.4,0.6,0.6,0.1,60.0,80.0,0.9,0.3,50.0,1.7,2.9,0.6,0.7,0.0,0.0,2.1,9.2
T318,Marcus Sasser,DET,G,8,10.8,4.1,0.9,0.8,0.4,0.3,0.4,51.9,100.0,0.4,1.4,27.3,1.8,3.4,0.3,0.3,0.0,0.0,0.4,7.8
T318,Spencer Dinwiddie,DAL,G,13,16.8,4.1,1.2,1.6,0.4,0.2,0.8,34.0,75.0,0.5,2.5,31.3,1.3,3.8,0.7,0.9,0.0,0.0,1.2,9.2
T322,Reggie Jackson,PHI,G,6,12.2,4.0,1.2,2.0,0.7,0.0,1.0,37.5,0.0,0.7,2.5,40.0,1.5,4.0,0.0,0.0,0.0,0.0,1.2,9.7
T322,Malcolm Brogdon,WAS,G,2,20.5,4.0,1.5,0.5,0.0,0.0,0.0,33.3,66.7,1.0,1.5,0.0,1.5,4.5,1.0,1.5,0.0,0.0,0.5,5.6
T322,Isaiah Collier,UTA,G,7,18.1,4.0,2.1,2.9,1.3,0.3,0.1,46.2,50.0,2.1,1.7,8.3,1.7,3.7,0.4,0.9,0.0,0.0,1.3,13.4
T322,Vasilije Micic,CHA,G,5,14.8,4.0,2.8,1.2,0.4,0.0,0.8,25.9,50.0,1.2,2.4,33.3,1.4,5.4,0.4,0.8,0.0,0.0,1.0,9.2
T322,DeAndre Jordan,DEN,C,4,10.5,4.0,4.3,0.5,0.3,0.3,0.0,53.3,0.0,1.3,0.0,0.0,2.0,3.8,0.0,0.5,0.0,0.0,1.3,10.1
T322,Josh Richardson,MIA,G,8,18.6,4.0,1.5,1.5,1.0,0.1,0.8,28.9,100.0,1.0,2.8,27.3,1.4,4.8,0.5,0.5,0.0,0.0,2.1,10.4
T322,Dario Saric,DEN,C,8,16.0,4.0,3.9,1.3,0.8,0.0,0.6,32.4,75.0,1.1,2.1,29.4,1.5,4.6,0.4,0.5,0.1,0.0,1.6,11.7
T322,Max Christie,LAL,G,13,15.8,4.0,1.8,0.9,0.8,0.5,0.5,34.0,87.5,0.6,1.8,26.1,1.2,3.6,1.1,1.2,0.0,0.0,1.3,10.9
T322,Aaron Holiday,HOU,G,9,9.0,4.0,1.0,1.3,0.1,0.1,0.8,50.0,71.4,0.3,1.8,43.8,1.3,2.7,0.6,0.8,0.0,0.0,0.6,7.5
T331,Cole Anthony,ORL,G,14,9.5,3.9,2.0,1.7,0.6,0.1,0.4,34.7,63.6,1.1,1.6,26.1,1.2,3.5,1.0,1.6,0.0,0.0,1.1,9.6
T331,Reed Sheppard,HOU,G,16,12.2,3.9,1.3,1.6,0.4,0.3,0.8,40.3,0.0,0.7,2.0,37.5,1.6,3.9,0.0,0.0,0.0,0.0,0.9,9.2
T333,Moussa Diabate,CHA,C,14,16.1,3.8,7.3,0.5,0.4,0.9,0.0,64.1,37.5,0.8,0.0,0.0,1.8,2.8,0.2,0.6,0.1,0.0,1.2,16.4
T333,Damion Lee,PHO,G,4,9.5,3.8,1.3,1.3,0.5,0.0,0.3,28.6,100.0,0.8,2.3,11.1,1.0,3.5,1.5,1.5,0.0,0.0,0.3,7.9
T333,Bol Bol,PHO,F,4,5.3,3.8,1.3,0.3,0.0,0.0,0.3,55.6,66.7,0.3,1.0,25.0,1.3,2.3,1.0,1.5,0.0,0.0,0.3,5.4
T333,Wendell Moore,DET,G,6,14.0,3.8,2.7,0.8,0.7,0.2,0.2,58.8,66.7,0.5,0.7,25.0,1.7,2.8,0.3,0.5,0.0,0.0,0.8,10.3
T333,Rayan Rupert,POR,G,13,10.8,3.8,1.8,0.2,0.5,0.1,0.5,48.7,66.7,0.5,1.4,38.9,1.5,3.0,0.3,0.5,0.0,0.0,0.8,7.3
T333,Taj Gibson,CHA,C,6,12.5,3.8,4.2,0.2,0.2,0.5,0.2,55.6,66.7,0.8,0.3,50.0,1.7,3.0,0.3,0.5,0.0,0.0,2.2,10.3
T333,Doug McDermott,SAC,F,11,11.3,3.8,0.9,0.3,0.2,0.1,1.0,34.1,60.0,0.1,3.1,32.4,1.3,3.7,0.3,0.5,0.0,0.0,1.1,6.0
340,Nicolas Batum,LAC,F,16,16.8,3.7,2.6,1.4,0.4,0.6,0.8,37.7,75.0,0.5,2.4,33.3,1.3,3.3,0.4,0.5,0.0,0.0,1.3,11.4
T341,Daniel Theis,NOP,C,11,14.4,3.6,3.5,1.4,0.3,0.6,0.2,44.4,75.0,0.7,0.9,20.0,1.5,3.3,0.5,0.7,0.0,0.0,1.3,11.9
T341,Tyler Kolek,NYK,G,10,8.2,3.6,0.8,0.7,0.4,0.0,0.8,50.0,100.0,0.7,1.5,53.3,1.2,2.4,0.4,0.4,0.0,0.0,0.7,6.1
T341,Patty Mills,UTA,G,9,15.2,3.6,0.9,1.4,0.7,0.2,0.8,35.5,100.0,0.9,2.7,29.2,1.2,3.4,0.3,0.3,0.0,0.0,0.9,8.6
T344,Cody Williams,UTA,F,14,19.6,3.5,2.4,1.4,0.5,0.3,0.5,29.0,60.0,0.7,2.4,20.6,1.3,4.4,0.4,0.7,0.0,0.0,1.2,10.0
T344,Orlando Robinson,SAC,C,2,9.5,3.5,3.0,0.5,0.5,0.0,0.5,100.0,50.0,1.5,0.5,100.0,1.0,1.0,1.0,2.0,0.0,0.0,1.5,7.9
T344,Bruno Fernando,TOR,C,11,9.0,3.5,3.4,1.1,0.1,0.6,0.0,48.6,83.3,0.9,0.0,0.0,1.5,3.2,0.5,0.5,0.0,0.0,1.6,10.5
T344,Ousmane Dieng,OKC,F,16,11.6,3.5,2.6,0.8,0.7,0.3,0.6,33.9,63.6,0.3,2.3,25.0,1.3,3.7,0.4,0.7,0.0,0.0,1.1,10.4
T348,Tidjane Salaun,CHA,F,12,16.3,3.4,3.8,1.1,0.3,0.3,0.7,26.5,63.6,0.8,2.8,24.2,1.1,4.1,0.6,0.9,0.0,0.0,0.9,10.6
T348,Gary Harris,ORL,G,14,16.4,3.4,1.4,0.4,0.4,0.4,0.9,34.7,66.7,0.4,2.6,32.4,1.2,3.5,0.1,0.2,0.0,0.0,0.6,7.8
T348,Andre Jackson,MIL,F,14,17.3,3.4,2.4,1.4,0.7,0.3,0.6,42.5,50.0,1.4,1.6,39.1,1.2,2.9,0.3,0.6,0.0,0.0,2.6,9.9
T351,Jaylon Tyson,CLE,F,7,9.0,3.3,2.1,1.3,0.3,0.0,0.4,50.0,50.0,0.7,1.1,37.5,1.3,2.6,0.3,0.6,0.1,0.0,1.4,7.9
T351,Craig Porter,CLE,G,12,10.7,3.3,1.2,1.7,0.3,0.5,0.4,57.1,75.0,0.6,0.8,50.0,1.3,2.3,0.3,0.3,0.0,0.0,0.6,9.2
T353,Marvin Bagley,WAS,C,9,6.1,3.2,2.2,0.2,0.1,0.1,0.0,48.0,71.4,0.8,0.4,0.0,1.3,2.8,0.6,0.8,0.0,0.0,0.1,6.1
T353,Ryan Rollins,MIL,G,9,7.6,3.2,1.2,1.0,0.8,0.4,0.7,43.5,75.0,0.8,1.2,54.5,1.1,2.6,0.3,0.4,0.0,0.0,0.9,9.1
T353,Jordan McLaughlin,SAC,G,12,9.8,3.2,1.1,1.3,0.5,0.0,0.5,42.9,80.0,0.4,1.3,40.0,1.0,2.3,0.7,0.8,0.0,0.0,0.7,7.4
T356,Chris Duarte,CHI,F,7,4.4,3.0,0.6,0.3,0.0,0.0,0.4,60.0,75.0,0.0,1.0,42.9,0.9,1.4,0.9,1.1,0.0,0.0,0.1,4.1
T356,Collin Gillespie,PHO,G,1,3.0,3.0,0.0,0.0,0.0,0.0,1.0,50.0,0.0,0.0,1.0,100.0,1.0,2.0,0.0,0.0,0.0,0.0,0.0,3.0
T356,Svi Mykhailiuk,UTA,G,2,7.5,3.0,0.5,1.0,0.5,0.0,1.0,33.3,0.0,1.0,2.5,40.0,1.0,3.0,0.0,0.0,0.0,0.0,1.0,5.6
T356,Tre Jones,SAS,G,3,17.3,3.0,1.7,2.7,0.3,0.0,0.7,20.0,75.0,1.0,1.7,40.0,0.7,3.3,1.0,1.3,0.0,0.0,1.7,9.0
T356,David Duke,SAS,G,1,8.0,3.0,0.0,2.0,0.0,0.0,0.0,25.0,50.0,0.0,1.0,0.0,1.0,4.0,1.0,2.0,0.0,0.0,1.0,6.0
T356,Richaun Holmes,WAS,C,2,4.0,3.0,1.0,0.0,0.0,0.0,0.0,50.0,0.0,0.0,0.5,0.0,1.5,3.0,0.0,0.0,0.0,0.0,0.5,4.2
T362,Gabe Vincent,LAL,G,14,18.3,2.9,1.1,0.6,0.7,0.0,0.5,28.1,50.0,0.5,2.6,19.4,1.1,4.1,0.1,0.3,0.0,0.0,1.6,6.7
T362,Matas Buzelis,CHI,F,15,8.3,2.9,1.9,0.2,0.4,0.5,0.5,31.0,75.0,0.6,1.5,34.8,0.9,2.8,0.6,0.8,0.0,0.0,0.9,7.5
T362,Tristan Thompson,CLE,C,7,7.3,2.9,2.0,0.4,0.0,0.3,0.0,66.7,0.0,0.4,0.0,0.0,1.4,2.1,0.0,0.9,0.0,0.0,0.9,6.3
T365,Dru Smith,MIA,G,5,10.4,2.8,2.6,1.0,0.6,0.8,0.4,46.2,0.0,0.6,1.0,40.0,1.2,2.6,0.0,0.0,0.0,0.0,0.8,11.0
T365,Delon Wright,MIL,G,12,17.5,2.8,1.6,2.0,0.9,0.4,0.5,32.4,50.0,0.4,2.0,25.0,1.0,3.1,0.3,0.5,0.0,0.0,0.8,11.2
T365,Jabari Walker,POR,F,11,8.4,2.8,2.5,0.3,0.2,0.1,0.2,40.7,87.5,0.5,0.8,22.2,1.0,2.5,0.6,0.7,0.0,0.0,1.1,6.6
T365,Trey Jemison,NOP,C,10,11.3,2.8,2.9,0.7,0.5,0.5,0.0,47.8,60.0,0.8,0.0,0.0,1.1,2.3,0.6,1.0,0.0,0.0,1.8,9.5
T369,TyTy Washington,PHO,G,3,9.0,2.7,0.3,1.3,0.7,0.0,0.7,50.0,0.0,0.3,1.0,66.7,1.0,2.0,0.0,0.0,0.0,0.0,0.0,6.7
T369,Christian Koloko,LAL,C,6,10.3,2.7,2.2,0.3,0.3,0.3,0.0,72.7,0.0,0.5,0.2,0.0,1.3,1.8,0.0,0.0,0.0,0.0,1.2,7.3
T369,Steven Adams,HOU,C,7,11.6,2.7,2.9,1.1,0.4,0.0,0.0,61.5,37.5,1.6,0.0,0.0,1.1,1.9,0.4,1.1,0.0,0.0,1.4,7.6
372,Shake Milton,BKN,G,12,10.3,2.6,0.8,1.4,0.2,0.0,0.6,42.3,66.7,0.2,1.5,38.9,0.9,2.2,0.2,0.3,0.0,0.0,0.8,6.0
T373,Johnny Davis,WAS,G,11,7.5,2.5,1.3,0.2,0.3,0.1,0.2,46.2,50.0,0.1,0.4,50.0,1.1,2.4,0.1,0.2,0.0,0.0,0.8,5.3
T373,Charles Bassey,SAS,C,8,7.4,2.5,2.6,0.4,0.5,0.8,0.0,61.5,66.7,0.5,0.0,0.0,1.0,1.6,0.5,0.8,0.0,0.0,0.1,9.5
T373,Tyler Smith,MIL,F,8,3.5,2.5,0.8,0.0,0.0,0.3,0.4,66.7,50.0,0.3,0.9,42.9,1.0,1.5,0.1,0.3,0.0,0.0,0.5,3.9
T373,Ja'Kobe Walter,TOR,G,4,12.3,2.5,2.8,0.8,0.0,0.3,0.3,18.8,60.0,0.0,1.5,16.7,0.8,4.0,0.8,1.3,0.0,0.0,2.0,7.7
T377,Pacome Dadiet,NYK,F,8,8.6,2.4,1.5,0.5,0.1,0.3,0.6,35.3,100.0,0.1,1.4,45.5,0.8,2.1,0.3,0.3,0.0,0.0,0.6,5.9
T377,John Konchar,MEM,G,8,15.1,2.4,3.5,1.0,0.6,0.6,0.5,37.5,75.0,0.5,1.8,28.6,0.8,2.0,0.4,0.5,0.0,0.0,0.9,11.3
T377,Jae'Sean Tate,HOU,F,7,4.1,2.4,2.0,0.6,0.1,0.0,0.0,58.3,60.0,0.4,0.1,0.0,1.0,1.7,0.4,0.7,0.0,0.0,0.7,5.7
T377,Ricky Council,PHI,F,11,8.0,2.4,0.9,0.7,0.1,0.0,0.2,33.3,100.0,0.3,0.9,20.0,0.8,2.5,0.5,0.5,0.0,0.0,0.4,4.5
T381,Kel'el Ware,MIA,C,8,5.9,2.3,1.1,0.0,0.3,0.5,0.3,42.1,0.0,0.4,0.8,33.3,1.0,2.4,0.0,0.0,0.0,0.0,0.8,5.5
T381,Tyrese Martin,BKN,F,4,5.3,2.3,0.5,0.0,0.0,0.0,0.8,42.9,0.0,0.3,1.5,50.0,0.8,1.8,0.0,0.0,0.0,0.0,0.0,2.6
T381,Nate Williams,HOU,G,3,3.3,2.3,1.0,0.0,0.3,0.0,0.3,75.0,0.0,0.0,0.7,50.0,1.0,1.3,0.0,0.0,0.0,0.0,0.0,4.5
T381,Hunter Tyson,DEN,F,8,9.9,2.3,1.6,0.5,0.3,0.1,0.1,43.8,100.0,0.4,1.1,11.1,0.9,2.0,0.4,0.4,0.0,0.0,1.4,5.7
T381,Maxi Kleber,DAL,C,6,15.2,2.3,2.8,0.5,0.0,0.5,0.2,54.5,50.0,0.5,0.5,33.3,1.0,1.8,0.2,0.3,0.0,0.0,1.7,7.5
T381,Dillon Jones,OKC,F,15,8.4,2.3,2.1,0.7,0.2,0.1,0.3,34.1,50.0,0.5,1.5,17.4,0.9,2.7,0.2,0.4,0.0,0.0,1.1,6.3
T381,Vlatko Cancar,DEN,F,4,8.5,2.3,2.0,0.0,0.0,0.3,0.3,57.1,0.0,0.5,0.5,50.0,1.0,1.8,0.0,0.0,0.0,0.0,1.0,4.9
T381,Johnny Furphy,IND,F,7,8.6,2.3,1.0,0.1,0.1,0.1,0.1,35.3,100.0,0.7,1.0,14.3,0.9,2.4,0.4,0.4,0.0,0.0,0.4,3.8
T389,Jevon Carter,CHI,G,6,6.0,2.2,0.8,0.7,0.5,0.0,0.5,29.4,0.0,0.2,1.8,27.3,0.8,2.8,0.0,0.0,0.0,0.0,0.2,5.5
T389,Kobe Brown,LAC,F,5,5.6,2.2,2.4,0.4,0.2,0.0,0.0,35.7,50.0,0.0,0.8,0.0,1.0,2.8,0.2,0.4,0.0,0.0,0.4,6.3
T391,Kai Jones,LAC,C,11,8.2,2.1,1.9,0.3,0.0,0.6,0.0,71.4,60.0,0.5,0.0,0.0,0.9,1.3,0.3,0.5,0.0,0.0,0.8,6.2
T391,Patrick Baldwin,WAS,F,9,5.1,2.1,0.9,0.1,0.2,0.1,0.3,41.2,50.0,0.1,1.0,33.3,0.8,1.9,0.2,0.4,0.0,0.0,0.4,4.2
T391,Jericho Sims,NYK,C,15,13.8,2.1,4.3,0.7,0.1,0.4,0.0,75.0,33.3,0.5,0.0,0.0,1.0,1.3,0.1,0.2,0.0,0.0,1.6,9.3
T394,Luke Travers,CLE,F,4,9.8,2.0,1.5,1.3,0.3,0.3,0.0,42.9,100.0,0.5,0.8,0.0,0.8,1.8,0.5,0.5,0.0,0.0,0.8,6.7
T394,Adama Sanogo,CHI,C,3,4.3,2.0,0.7,0.3,0.0,0.0,0.0,60.0,0.0,0.3,0.0,0.0,1.0,1.7,0.0,0.0,0.0,0.0,0.3,3.0
T394,Luka Garza,MIN,C,4,4.3,2.0,1.3,0.0,0.0,0.0,0.0,36.4,0.0,0.5,1.0,0.0,1.0,2.8,0.0,0.3,0.0,0.0,0.3,3.0
T394,Jeff Green,HOU,F,6,5.2,2.0,0.5,0.2,0.3,0.0,0.3,50.0,0.0,0.3,1.2,28.6,0.8,1.7,0.0,0.0,0.0,0.0,0.3,3.5
T394,Rob Dillingham,MIN,G,7,5.3,2.0,0.4,1.0,0.0,0.0,0.3,54.5,0.0,0.9,0.4,66.7,0.9,1.6,0.0,0.0,0.0,0.0,0.1,3.2
T394,Alex Reese,FA,F,1,2.0,2.0,1.0,0.0,0.0,0.0,0.0,100.0,0.0,0.0,0.0,0.0,1.0,1.0,0.0,0.0,0.0,0.0,0.0,3.2
T394,Alex Len,SAC,C,12,8.8,2.0,2.5,0.8,0.2,0.9,0.0,61.1,50.0,0.5,0.3,0.0,0.9,1.5,0.2,0.3,0.0,0.0,1.2,9.0
T394,Ulrich Chomche,TOR,C,1,4.0,2.0,1.0,0.0,0.0,0.0,0.0,100.0,0.0,0.0,0.0,0.0,1.0,1.0,0.0,0.0,0.0,0.0,0.0,3.2
T394,KJ Simpson,CHA,G,1,7.0,2.0,3.0,1.0,0.0,0.0,0.0,50.0,0.0,0.0,1.0,0.0,1.0,2.0,0.0,0.0,0.0,0.0,0.0,7.1
T394,Jeff Dowtin,PHI,G,8,10.1,2.0,1.0,1.1,0.4,0.0,0.1,31.6,75.0,0.1,1.0,12.5,0.8,2.4,0.4,0.5,0.0,0.0,0.6,5.9
T404,Enrique Freeman,IND,F,8,10.3,1.9,1.1,0.6,0.3,0.1,0.1,38.5,100.0,0.4,0.5,25.0,0.6,1.6,0.5,0.5,0.0,0.0,1.6,4.9
T404,Anthony Gill,WAS,F,9,4.4,1.9,0.8,0.3,0.2,0.0,0.2,63.6,25.0,0.1,0.3,66.7,0.8,1.2,0.1,0.4,0.0,0.0,0.2,3.9
T404,Dwight Powell,DAL,C,13,8.9,1.9,2.0,0.7,0.4,0.5,0.0,75.0,72.2,0.4,0.0,0.0,0.5,0.6,1.0,1.4,0.0,0.0,1.6,7.7
407,Olivier-Maxence Prosper,DAL,F,9,6.1,1.8,1.4,0.0,0.1,0.0,0.0,38.9,66.7,0.1,0.3,0.0,0.8,2.0,0.2,0.3,0.0,0.0,0.7,3.7
T408,Zeke Nnaji,DEN,C,9,6.2,1.7,0.8,0.3,0.1,0.2,0.0,46.7,25.0,0.1,0.7,0.0,0.8,1.7,0.1,0.4,0.0,0.0,0.4,4.0
T408,MarJon Beauchamp,MIL,F,9,3.2,1.7,0.8,0.1,0.1,0.0,0.1,33.3,100.0,0.8,0.8,14.3,0.6,1.7,0.4,0.4,0.0,0.0,0.3,2.3
T410,Jazian Gortman,DAL,G,2,2.0,1.5,0.0,0.0,0.0,0.0,0.5,100.0,0.0,0.5,0.5,100.0,0.5,0.5,0.0,0.0,0.0,0.0,0.0,1.0
T410,Lester Quinones,PHI,G,2,2.5,1.5,1.5,0.5,0.0,0.0,0.0,50.0,100.0,0.0,0.5,0.0,0.5,1.0,0.5,0.5,0.0,0.0,0.0,4.1
T410,Trevelin Queen,ORL,G,2,2.5,1.5,0.0,0.0,0.0,0.0,0.5,33.3,0.0,0.5,0.5,100.0,0.5,1.5,0.0,0.0,0.0,0.0,0.5,1.0
T410,Xavier Tillman,BOS,F,10,9.4,1.5,2.0,0.6,0.3,0.0,0.3,26.1,0.0,0.3,1.4,21.4,0.6,2.3,0.0,0.0,0.0,0.0,0.6,5.4
T410,Adam Flagler,OKC,G,8,3.3,1.5,0.5,0.0,0.3,0.0,0.5,30.8,0.0,0.0,1.5,33.3,0.5,1.6,0.0,0.0,0.0,0.0,0.5,2.9
T410,Jaylen Martin,BKN,F,2,1.5,1.5,0.0,0.0,0.0,0.0,0.5,100.0,0.0,0.0,0.5,100.0,0.5,0.5,0.0,0.0,0.0,0.0,0.5,1.5
T410,Josh Minott,MIN,F,6,7.0,1.5,0.7,0.2,0.0,0.3,0.0,50.0,50.0,0.5,0.7,0.0,0.7,1.3,0.2,0.3,0.0,0.0,1.3,3.1
T417,Nick Smith,CHA,G,5,4.6,1.4,0.2,0.2,0.2,0.0,0.2,30.0,0.0,0.2,1.0,20.0,0.6,2.0,0.0,0.0,0.0,0.0,0.2,2.3
T417,Isaac Jones,SAC,C,7,3.4,1.4,0.4,0.0,0.0,0.1,0.0,66.7,100.0,0.3,0.0,0.0,0.6,0.9,0.3,0.3,0.0,0.0,0.9,2.1
T419,Ariel Hukporti,NYK,C,7,9.7,1.3,2.0,0.4,0.0,1.1,0.0,50.0,50.0,1.0,0.0,0.0,0.6,1.1,0.1,0.3,0.0,0.0,1.6,6.8
T419,Liam Robbins,MIL,C,4,4.5,1.3,0.8,0.0,0.0,0.0,0.0,66.7,25.0,0.0,0.3,0.0,0.5,0.8,0.3,1.0,0.0,0.0,0.8,2.2
T419,Jordan Walsh,BOS,F,12,9.0,1.3,1.0,0.3,0.3,0.3,0.3,30.0,0.0,0.2,1.3,25.0,0.5,1.7,0.0,0.1,0.0,0.0,0.8,4.5
T419,Pat Spencer,GSW,G,3,1.3,1.3,0.0,0.3,0.0,0.0,0.0,66.7,0.0,0.0,0.0,0.0,0.7,1.0,0.0,0.0,0.0,0.0,0.0,1.8
T419,Baylor Scheierman,BOS,G,3,6.0,1.3,1.3,0.0,0.0,0.0,0.0,16.7,100.0,0.0,1.3,0.0,0.3,2.0,0.7,0.7,0.0,0.0,0.7,2.9
T419,James Johnson,IND,F,3,3.3,1.3,0.7,0.7,0.0,0.3,0.0,50.0,0.0,1.0,0.3,0.0,0.7,1.3,0.0,0.0,0.0,0.0,0.0,3.1
T425,Brandon Williams,DAL,G,5,4.4,1.2,0.8,0.4,0.0,0.0,0.0,22.2,66.7,0.4,0.4,0.0,0.4,1.8,0.4,0.6,0.0,0.0,0.4,2.4
T425,Cory Joseph,ORL,G,10,3.5,1.2,0.8,0.7,0.1,0.2,0.4,28.6,0.0,0.1,1.1,36.4,0.4,1.4,0.0,0.0,0.0,0.0,0.3,4.0
T427,Adem Bona,PHI,C,10,3.4,1.1,1.3,0.0,0.0,0.3,0.0,83.3,100.0,0.2,0.0,0.0,0.5,0.6,0.1,0.1,0.0,0.0,0.5,3.4
T427,Duop Reath,POR,C,7,4.0,1.1,0.6,0.3,0.0,0.1,0.3,23.1,0.0,0.1,1.3,22.2,0.4,1.9,0.0,0.0,0.0,0.0,0.4,2.5
T429,Mouhamed Gueye,ATL,C,2,5.5,1.0,1.0,0.0,0.0,0.0,0.0,25.0,0.0,0.5,1.0,0.0,0.5,2.0,0.0,0.0,0.0,0.0,0.0,1.7
T429,JD Davison,BOS,G,3,5.0,1.0,0.3,0.3,0.3,0.0,0.0,25.0,50.0,1.3,0.7,0.0,0.3,1.3,0.3,0.7,0.0,0.0,0.3,1.6
T429,Gui Santos,GSW,F,6,3.8,1.0,1.0,0.3,0.0,0.0,0.2,40.0,50.0,0.3,0.5,33.3,0.3,0.8,0.2,0.3,0.0,0.0,0.5,2.4
T429,Terrence Shannon,MIN,F,4,3.8,1.0,0.0,0.5,0.5,0.3,0.0,66.7,0.0,0.5,0.3,0.0,0.5,0.8,0.0,0.0,0.0,0.0,0.0,3.5
T429,P.J. Dozier,MIN,F,4,3.8,1.0,0.8,0.5,0.3,0.0,0.3,50.0,50.0,0.0,0.5,50.0,0.3,0.5,0.3,0.5,0.0,0.0,0.5,3.4
T429,Karlo Matkovic,NOP,F,4,7.5,1.0,2.3,0.0,0.5,0.5,0.0,66.7,0.0,1.0,0.0,0.0,0.5,0.8,0.0,0.0,0.0,0.0,1.0,5.7
T429,Jared Rhoden,CHA,F,4,3.0,1.0,1.0,0.5,0.3,0.0,0.0,25.0,0.0,0.3,0.5,0.0,0.5,2.0,0.0,0.0,0.0,0.0,0.3,3.5
T429,Reece Beekman,GSW,G,2,2.0,1.0,0.5,0.5,0.5,0.0,0.0,100.0,0.0,0.0,0.0,0.0,0.5,0.5,0.0,0.0,0.0,0.0,0.5,3.9
T429,Markieff Morris,DAL,C,2,5.0,1.0,2.0,1.0,0.0,0.0,0.0,16.7,0.0,0.0,1.0,0.0,0.5,3.0,0.0,0.0,0.0,0.0,0.0,4.9
T429,Garrett Temple,TOR,G,5,4.6,1.0,0.8,1.0,0.6,0.2,0.2,40.0,0.0,0.2,0.4,50.0,0.4,1.0,0.0,0.0,0.0,0.0,1.2,5.7
T429,Jack McVeigh,HOU,F,5,3.6,1.0,0.4,0.0,0.0,0.2,0.2,22.2,0.0,0.2,1.2,16.7,0.4,1.8,0.0,0.0,0.0,0.0,0.2,1.9
440,Yuki Kawamura,MEM,G,9,2.9,0.9,0.2,0.7,0.0,0.0,0.1,18.2,75.0,0.3,0.9,12.5,0.2,1.2,0.3,0.4,0.0,0.0,0.1,1.8
T441,Caleb Houstan,ORL,F,10,4.5,0.8,0.7,0.0,0.0,0.1,0.2,23.1,0.0,0.0,1.0,20.0,0.3,1.3,0.0,0.0,0.0,0.0,0.6,1.9
T441,Stanley Umude,MIL,G,4,3.8,0.8,0.8,0.3,0.0,0.3,0.3,33.3,0.0,0.0,0.8,33.3,0.3,0.8,0.0,0.5,0.0,0.0,0.0,2.8
T441,Jaden Springer,BOS,G,4,4.3,0.8,1.0,0.3,0.5,0.0,0.0,20.0,50.0,0.3,0.5,0.0,0.3,1.3,0.3,0.5,0.0,0.0,0.3,3.6
T441,D.J. Carton,TOR,G,4,8.3,0.8,1.0,0.8,0.5,0.0,0.0,14.3,100.0,1.0,0.8,0.0,0.3,1.8,0.3,0.3,0.0,0.0,0.3,3.6
T441,Matt Ryan,NYK,F,4,5.8,0.8,0.0,0.0,0.0,0.0,0.3,16.7,0.0,0.0,1.0,25.0,0.3,1.5,0.0,0.0,0.0,0.0,0.0,0.8
T446,Colin Castleton,MEM,C,6,2.3,0.7,0.8,0.0,0.0,0.2,0.0,0.0,100.0,0.0,0.2,0.0,0.0,0.2,0.7,0.7,0.0,0.0,0.3,2.2
T446,Bronny James,LAL,G,6,2.7,0.7,0.2,0.3,0.2,0.0,0.0,16.7,100.0,0.0,0.7,0.0,0.2,1.0,0.3,0.3,0.0,0.0,0.3,1.9
T446,Sidy Cissoko,SAS,G,7,2.7,0.7,0.9,0.6,0.0,0.0,0.1,50.0,0.0,0.1,0.1,100.0,0.3,0.6,0.0,0.3,0.0,0.0,0.6,2.5
T446,Colby Jones,SAC,G,7,2.1,0.7,0.4,0.1,0.0,0.1,0.1,66.7,0.0,0.3,0.1,100.0,0.3,0.4,0.0,0.0,0.0,0.0,0.3,1.6
T450,Jalen Bridges,PHO,F,2,5.5,0.5,0.5,0.0,0.0,0.0,0.0,0.0,50.0,1.0,1.0,0.0,0.0,1.0,0.5,1.0,0.0,0.0,0.0,0.1
T450,AJ Johnson,MIL,G,4,2.0,0.5,0.3,0.3,0.0,0.0,0.0,33.3,0.0,0.3,0.0,0.0,0.3,0.8,0.0,0.0,0.0,0.0,0.0,0.9
T450,Trey Alexander,DEN,G,4,4.0,0.5,0.3,0.3,0.0,0.0,0.0,16.7,0.0,0.0,0.5,0.0,0.3,1.5,0.0,0.0,0.0,0.0,0.3,1.2
T450,Dominick Barlow,ATL,C,2,5.0,0.5,0.0,0.0,0.0,0.0,0.0,0.0,50.0,0.0,0.0,0.0,0.0,0.5,0.5,1.0,0.0,0.0,0.5,0.5
454,Jacob Toppin,NYK,F,5,3.0,0.4,0.4,0.4,0.0,0.0,0.0,50.0,0.0,0.0,0.2,0.0,0.2,0.4,0.0,0.0,0.0,0.0,0.0,1.5
T455,Yongxi Cui,BKN,G,3,1.3,0.3,0.0,0.0,0.0,0.0,0.0,0.0,50.0,0.0,0.0,0.0,0.0,0.3,0.3,0.7,0.0,0.0,0.0,0.3
T455,Malevy Leons,FA,F,6,3.3,0.3,0.5,0.2,0.0,0.0,0.0,0.0,50.0,0.2,0.2,0.0,0.0,0.3,0.3,0.7,0.0,0.0,0.7,1.0
T457,Daniss Jenkins,DET,G,2,2.0,0.0,0.0,0.0,0.0,0.0,0.0,0.0,0.0,0.0,1.0,0.0,0.0,1.0,0.0,0.0,0.0,0.0,0.5,0.0
T457,Justin Champagnie,WAS,F,2,2.5,0.0,1.0,0.5,0.0,0.0,0.0,0.0,0.0,0.0,0.0,0.0,0.0,0.0,0.0,0.0,0.0,0.0,1.5,2.0
T457,Mason Jones,SAC,G,3,4.0,0.0,1.3,2.3,0.0,0.0,0.0,0.0,0.0,0.0,0.7,0.0,0.0,0.7,0.0,0.0,0.0,0.0,0.3,5.1
T457,Joe Ingles,MIN,F,7,3.9,0.0,0.3,1.3,0.0,0.0,0.0,0.0,0.0,0.1,0.3,0.0,0.0,0.3,0.0,0.0,0.0,0.0,0.7,2.1
T457,Spencer Jones,DEN,F,1,2.0,0.0,1.0,0.0,1.0,0.0,0.0,0.0,0.0,0.0,0.0,0.0,0.0,0.0,0.0,0.0,0.0,0.0,0.0,4.2
T457,Riley Minix,SAS,F,1,7.0,0.0,2.0,0.0,0.0,0.0,0.0,0.0,0.0,0.0,1.0,0.0,0.0,1.0,0.0,0.0,0.0,0.0,0.0,2.4
T457,Armel Traore,LAL,F,1,4.0,0.0,1.0,0.0,0.0,0.0,0.0,0.0,0.0,0.0,1.0,0.0,0.0,1.0,0.0,0.0,0.0,0.0,1.0,1.2
T457,Cam Spencer,MEM,G,1,9.0,0.0,1.0,2.0,0.0,1.0,0.0,0.0,0.0,1.0,1.0,0.0,0.0,1.0,0.0,0.0,0.0,0.0,0.0,6.2
T457,Alex Ducas,OKC,G,4,1.8,0.0,0.0,0.0,0.0,0.0,0.0,0.0,0.0,0.0,0.5,0.0,0.0,0.8,0.0,0.0,0.0,0.0,0.0,0.0
T457,PJ Hall,DEN,C,1,1.0,0.0,0.0,0.0,0.0,0.0,0.0,0.0,0.0,0.0,0.0,0.0,0.0,0.0,0.0,0.0,0.0,0.0,0.0,0.0
T457,Jalen Pickett,DEN,G,2,2.0,0.0,0.0,0.0,0.0,0.0,0.0,0.0,0.0,0.0,0.5,0.0,0.0,0.5,0.0,0.0,0.0,0.0,0.0,0.0
T457,Dariq Whitehead,BKN,F,1,2.0,0.0,1.0,0.0,0.0,0.0,0.0,0.0,0.0,2.0,0.0,0.0,0.0,0.0,0.0,0.0,0.0,0.0,0.0,-0.8
T457,Maxwell Lewis,LAL,F,2,1.5,0.0,0.0,0.0,0.0,0.0,0.0,0.0,0.0,0.0,0.0,0.0,0.0,0.0,0.0,0.0,0.0,0.0,0.5,0.0
T457,Jalen Hood-Schifino,LAL,G,1,1.0,0.0,0.0,0.0,0.0,0.0,0.0,0.0,0.0,0.0,0.0,0.0,0.0,0.0,0.0,0.0,0.0,0.0,0.0,0.0
T457,Chris Livingston,MIL,F,1,2.0,0.0,0.0,0.0,0.0,0.0,0.0,0.0,0.0,0.0,0.0,0.0,0.0,1.0,0.0,0.0,0.0,0.0,0.0,0.0
T457,Drew Peterson,BOS,F,3,2.7,0.0,0.3,0.3,0.3,0.7,0.0,0.0,0.0,0.3,0.3,0.0,0.0,0.3,0.0,0.0,0.0,0.0,0.0,3.6
T457,Tristen Newton,IND,G,1,1.0,0.0,0.0,0.0,0.0,0.0,0.0,0.0,0.0,0.0,0.0,0.0,0.0,1.0,0.0,0.0,0.0,0.0,0.0,0.0
T457,Harrison Ingram,SAS,F,1,7.0,0.0,1.0,0.0,0.0,0.0,0.0,0.0,0.0,0.0,0.0,0.0,0.0,1.0,0.0,0.0,0.0,0.0,1.0,1.2
T457,E.J. Liddell,CHI,F,2,1.5,0.0,0.0,0.0,0.0,0.0,0.0,0.0,0.0,0.0,0.0,0.0,0.0,0.0,0.0,0.0,0.0,0.0,0.0,0.0
T457,Kessler Edwards,DAL,F,3,2.3,0.0,0.0,0.0,0.0,0.0,0.0,0.0,0.0,0.3,0.7,0.0,0.0,0.7,0.0,0.0,0.0,0.0,0.7,-0.3
T457,Mac McClung,ORL,G,1,5.0,0.0,1.0,2.0,0.0,0.0,0.0,0.0,0.0,0.0,0.0,0.0,0.0,0.0,0.0,0.0,0.0,0.0,0.0,4.2